{"version":"01.00.00","projectName":"msk_b2_c_1","projectPages":[{"pageName":"page1","pageID":"-75e37387:1794c866a8f:-7ff7","eramlModelFile":"page1.cbaml","eramlDiagramFile":"page1.cbaml_diagram","pageType":"SIMPLE","pageTags":["STANDARD_PAGE","X_PAGE"]},{"pageName":"dialog","pageID":"-1afb91b6:17b2aa0dc70:-7fff","eramlModelFile":"dialog.cbaml","eramlDiagramFile":"dialog.cbaml_diagram","pageType":"SIMPLE","pageTags":["STANDARD_PAGE","X_PAGE"]},{"pageName":"dialog_pagearea_1_correct","pageID":"-7c0c6471:18963978987:-7ff2","eramlModelFile":"dialog_pagearea_1_correct.cbaml","eramlDiagramFile":"dialog_pagearea_1_correct.cbaml_diagram","pageType":"SIMPLE","pageTags":["STANDARD_PAGE","X_PAGE"]},{"pageName":"dialog_pagearea_1_incorrect","pageID":"-7c0c6471:18963978987:-7ff1","eramlModelFile":"dialog_pagearea_1_incorrect.cbaml","eramlDiagramFile":"dialog_pagearea_1_incorrect.cbaml_diagram","pageType":"SIMPLE","pageTags":["STANDARD_PAGE","X_PAGE"]}],"resources":[{"path":"C:\\Users\\chankeln\\AppData\\Local\\CBA-IB-9.9.0\\IB\\workspace\\Projects\\resources","name":"0_9_a.png"},{"path":"C:\\Users\\chankeln\\AppData\\Local\\CBA-IB-9.9.0\\IB\\workspace\\Projects\\resources","name":"0_9_b.png"},{"path":"C:\\Users\\chankeln\\AppData\\Local\\CBA-IB-9.9.0\\IB\\workspace\\Projects\\resources","name":"feedback_a_100.png"},{"path":"C:\\Users\\chankeln\\AppData\\Local\\CBA-IB-9.9.0\\IB\\workspace\\Projects\\resources","name":"feedback_b_100.png"},{"path":"C:\\Users\\chankeln\\AppData\\Local\\CBA-IB-9.9.0\\IB\\workspace\\Projects\\resources","name":"max3_a.png"},{"path":"C:\\Users\\chankeln\\AppData\\Local\\CBA-IB-9.9.0\\IB\\workspace\\Projects\\resources","name":"max3_b.png"}],"bilingual":false}