{
  "runtimeCompatibilityVersion" : "9.9.0",
  "itemName" : "msk_s3_1",
  "itemWidth" : 1024,
  "itemHeight" : 768,
  "tasks" : [ "Task01" ],
  "resources" : [ {
    "pathInZip" : "resources\\Piktogramm_blank.png",
    "size" : 123,
    "type" : "image"
  }, {
    "pathInZip" : "resources\\Piktogramm_Rechenzeichen_anklicken.png",
    "size" : 4723,
    "type" : "image"
  }, {
    "pathInZip" : "resources\\rahmen_2b.png",
    "size" : 7981,
    "type" : "image"
  }, {
    "pathInZip" : "resources\\Rechenzeichen_anklicken.mp4",
    "size" : 80822,
    "type" : "video"
  }, {
    "pathInZip" : "resources\\Rechenzeichen_anklicken.webm",
    "size" : 106775,
    "type" : "video"
  } ],
  "externalResources" : [ {
    "pathInZip" : "external-resources\\msk_s3_1a.html",
    "size" : 197,
    "type" : "urlTarget"
  } ],
  "dependencies" : [ ],
  "variables" : [ {
    "name" : "V_Status_1a",
    "type" : "integer"
  }, {
    "name" : "V_Piktogramm",
    "type" : "integer"
  }, {
    "name" : "V_Status_1a_Calc",
    "type" : "integer"
  } ]
}