{
  "runtimeCompatibilityVersion" : "9.9.0",
  "itemName" : "msk_s6_c_1",
  "itemWidth" : 1024,
  "itemHeight" : 768,
  "tasks" : [ "Task01" ],
  "resources" : [ {
    "pathInZip" : "resources\\Piktogramm_blank.png",
    "size" : 123,
    "type" : "image"
  }, {
    "pathInZip" : "resources\\rahmen_2b.png",
    "size" : 7981,
    "type" : "image"
  }, {
    "pathInZip" : "resources\\Drag_and_Drop_Text.mp4",
    "size" : 178366,
    "type" : "video"
  }, {
    "pathInZip" : "resources\\Drag_and_Drop_Text.webm",
    "size" : 175469,
    "type" : "video"
  }, {
    "pathInZip" : "resources\\Piktogramm_Anklicken_gedrueckt_halten.png",
    "size" : 5578,
    "type" : "image"
  } ],
  "externalResources" : [ ],
  "dependencies" : [ ],
  "variables" : [ {
    "name" : "V_Status_1a",
    "type" : "integer"
  }, {
    "name" : "V_dragsource_1",
    "type" : "integer"
  }, {
    "name" : "V_dragsource_2",
    "type" : "integer"
  }, {
    "name" : "V_droptarget_1",
    "type" : "integer"
  }, {
    "name" : "V_droptarget_2",
    "type" : "integer"
  }, {
    "name" : "V_droptarget_3",
    "type" : "integer"
  }, {
    "name" : "V_Piktogramm",
    "type" : "integer"
  } ]
}