{"version":"01.00.00","projectName":"msk_d4_a_1","projectPages":[{"pageName":"page1","pageID":"-75e37387:1794c866a8f:-7ffe","eramlModelFile":"page1.cbaml","eramlDiagramFile":"page1.cbaml_diagram","pageType":"SIMPLE","pageTags":["STANDARD_PAGE","X_PAGE"]},{"pageName":"dialog","pageID":"376dbb16:17baabac70a:-7ffe","eramlModelFile":"dialog.cbaml","eramlDiagramFile":"dialog.cbaml_diagram","pageType":"SIMPLE","pageTags":["STANDARD_PAGE","X_PAGE"]},{"pageName":"piktogramm","pageID":"4ea81ad:183d6f47b26:-7fec","eramlModelFile":"piktogramm.cbaml","eramlDiagramFile":"piktogramm.cbaml_diagram","pageType":"SIMPLE","pageTags":["STANDARD_PAGE","X_PAGE"]}],"resources":[{"path":"C:\\Users\\Mats\\AppData\\Local\\CBA-IB-9.9.0\\IB\\workspace\\Projects\\resources","name":"Piktogramm_blank.png"},{"path":"C:\\Users\\Mats\\AppData\\Local\\CBA-IB-9.9.0\\IB\\workspace\\Projects\\resources","name":"Piktogramm_Kaestchen.png"},{"path":"C:\\Users\\Mats\\AppData\\Local\\CBA-IB-9.9.0\\IB\\workspace\\Projects\\resources","name":"rahmen_2b.png"},{"path":"D:\\SHK_DIPF\\CBA-Itembuilder\\SchuMaS\\SourceTree\\testentwicklung-mathematik\\Umsetzung\\MSK_Items\\Videos\\Piktogramm_Kaestchen\\","name":"Kaestchen.mp4"},{"path":"D:\\SHK_DIPF\\CBA-Itembuilder\\SchuMaS\\SourceTree\\testentwicklung-mathematik\\Umsetzung\\MSK_Items\\Videos\\Piktogramm_Kaestchen\\","name":"Kaestchen.webm"}],"bilingual":false}