{
  "runtimeCompatibilityVersion" : "9.9.0",
  "itemName" : "msk_d4_a_1",
  "itemWidth" : 1024,
  "itemHeight" : 768,
  "tasks" : [ "Task01" ],
  "resources" : [ {
    "pathInZip" : "resources\\Piktogramm_blank.png",
    "size" : 123,
    "type" : "image"
  }, {
    "pathInZip" : "resources\\Piktogramm_Kaestchen.png",
    "size" : 6129,
    "type" : "image"
  }, {
    "pathInZip" : "resources\\Kaestchen.mp4",
    "size" : 132522,
    "type" : "video"
  }, {
    "pathInZip" : "resources\\rahmen_2b.png",
    "size" : 7981,
    "type" : "image"
  }, {
    "pathInZip" : "resources\\Kaestchen.webm",
    "size" : 169022,
    "type" : "video"
  } ],
  "externalResources" : [ {
    "pathInZip" : "external-resources\\msk_d4_a_1a_left.html",
    "size" : 211,
    "type" : "urlTarget"
  }, {
    "pathInZip" : "external-resources\\msk_d4_a_1a_right.html",
    "size" : 213,
    "type" : "urlTarget"
  }, {
    "pathInZip" : "external-resources\\msk_d4_a_1b_right.html",
    "size" : 213,
    "type" : "urlTarget"
  }, {
    "pathInZip" : "external-resources\\msk_d4_a_1c_left.html",
    "size" : 211,
    "type" : "urlTarget"
  }, {
    "pathInZip" : "external-resources\\msk_d4_a_1c_right.html",
    "size" : 213,
    "type" : "urlTarget"
  }, {
    "pathInZip" : "external-resources\\msk_d4_a_1b_left.html",
    "size" : 211,
    "type" : "urlTarget"
  } ],
  "dependencies" : [ ],
  "variables" : [ {
    "name" : "V_Status_1a",
    "type" : "integer"
  }, {
    "name" : "V_Piktogramm",
    "type" : "integer"
  }, {
    "name" : "V_Status_1b",
    "type" : "integer"
  }, {
    "name" : "V_Status_1c",
    "type" : "integer"
  }, {
    "name" : "V_Status_1a_1",
    "type" : "integer"
  }, {
    "name" : "V_Status_1a_2",
    "type" : "integer"
  }, {
    "name" : "V_Status_1b_1",
    "type" : "integer"
  }, {
    "name" : "V_Status_1b_2",
    "type" : "integer"
  }, {
    "name" : "V_Status_1c_1",
    "type" : "integer"
  }, {
    "name" : "V_Status_1c_2",
    "type" : "integer"
  } ]
}