{
  "runtimeCompatibilityVersion" : "9.9.0",
  "itemName" : "msk_n3_a_auflage2_3",
  "itemWidth" : 1024,
  "itemHeight" : 768,
  "tasks" : [ "Task01" ],
  "resources" : [ {
    "pathInZip" : "resources\\Piktogramm_blank.png",
    "size" : 123,
    "type" : "image"
  }, {
    "pathInZip" : "resources\\Anklicken_SC.webm",
    "size" : 121882,
    "type" : "video"
  }, {
    "pathInZip" : "resources\\Anklicken_SC.mp4",
    "size" : 90768,
    "type" : "video"
  }, {
    "pathInZip" : "resources\\Piktogramm_Anklicken.png",
    "size" : 3641,
    "type" : "image"
  }, {
    "pathInZip" : "resources\\N3A_2_Bild1.png",
    "size" : 9308,
    "type" : "image"
  }, {
    "pathInZip" : "resources\\rahmen_2b.png",
    "size" : 7981,
    "type" : "image"
  } ],
  "externalResources" : [ ],
  "dependencies" : [ ],
  "variables" : [ {
    "name" : "V_Status_2_1",
    "type" : "integer"
  }, {
    "name" : "V_Status_2_2",
    "type" : "integer"
  }, {
    "name" : "V_Status_2_3",
    "type" : "integer"
  }, {
    "name" : "V_Status_2_4",
    "type" : "integer"
  }, {
    "name" : "V_Piktogramm",
    "type" : "integer"
  }, {
    "name" : "V_Status_2_5",
    "type" : "integer"
  }, {
    "name" : "V_Status_2_6",
    "type" : "integer"
  } ]
}