{"version":"01.00.00","projectName":"msk_s4_b_1","projectPages":[{"pageName":"page1","pageID":"-75e37387:1794c866a8f:-7ffe","eramlModelFile":"page1.cbaml","eramlDiagramFile":"page1.cbaml_diagram","pageType":"SIMPLE","pageTags":["X_PAGE","STANDARD_PAGE"]},{"pageName":"dialog","pageID":"376dbb16:17baabac70a:-7ffe","eramlModelFile":"dialog.cbaml","eramlDiagramFile":"dialog.cbaml_diagram","pageType":"SIMPLE","pageTags":["X_PAGE","STANDARD_PAGE"]},{"pageName":"piktogramm","pageID":"2f04e9a3:183f16ecdba:-7ffa","eramlModelFile":"piktogramm.cbaml","eramlDiagramFile":"piktogramm.cbaml_diagram","pageType":"SIMPLE","pageTags":["X_PAGE","STANDARD_PAGE"]}],"resources":[{"path":"C:\\Users\\Mats\\AppData\\Local\\CBA-IB-9.9.0\\IB\\workspace\\Projects\\resources","name":"Diagramm_s4_b_1.png"},{"path":"C:\\Users\\Mats\\AppData\\Local\\CBA-IB-9.9.0\\IB\\workspace\\Projects\\resources","name":"Piktogramm_Balken_ziehen.png"},{"path":"C:\\Users\\Mats\\AppData\\Local\\CBA-IB-9.9.0\\IB\\workspace\\Projects\\resources","name":"Piktogramm_blank.png"},{"path":"C:\\Users\\Mats\\AppData\\Local\\CBA-IB-9.9.0\\IB\\workspace\\Projects\\resources","name":"rahmen_2b.png"},{"path":"C:\\Users\\Mats\\AppData\\Local\\CBA-IB-9.9.0\\IB\\workspace\\Projects\\resources","name":"Tabelle_s4_b_1.png"},{"path":"D:\\SHK_DIPF\\CBA-Itembuilder\\SchuMaS\\SourceTree\\testentwicklung-mathematik\\Umsetzung\\MSK_Items\\Videos\\AlleVideos640x360\\","name":"BalkenZiehen.mp4"},{"path":"D:\\SHK_DIPF\\CBA-Itembuilder\\SchuMaS\\SourceTree\\testentwicklung-mathematik\\Umsetzung\\MSK_Items\\Videos\\AlleVideos640x360\\","name":"BalkenZiehen.webm"}],"bilingual":false}