{
  "runtimeCompatibilityVersion" : "9.9.0",
  "itemName" : "msk_s4_b_1",
  "itemWidth" : 1024,
  "itemHeight" : 768,
  "tasks" : [ "Task01" ],
  "resources" : [ {
    "pathInZip" : "resources\\Piktogramm_blank.png",
    "size" : 362,
    "type" : "image"
  }, {
    "pathInZip" : "resources\\Tabelle_s4_b_1.png",
    "size" : 5923,
    "type" : "image"
  }, {
    "pathInZip" : "resources\\BalkenZiehen.webm",
    "size" : 114874,
    "type" : "video"
  }, {
    "pathInZip" : "resources\\Piktogramm_Balken_ziehen.png",
    "size" : 10549,
    "type" : "image"
  }, {
    "pathInZip" : "resources\\rahmen_2b.png",
    "size" : 19870,
    "type" : "image"
  }, {
    "pathInZip" : "resources\\BalkenZiehen.mp4",
    "size" : 88788,
    "type" : "video"
  }, {
    "pathInZip" : "resources\\Diagramm_s4_b_1.png",
    "size" : 77401,
    "type" : "image"
  } ],
  "externalResources" : [ {
    "pathInZip" : "external-resources\\msk_s4_b_1.html",
    "size" : 199,
    "type" : "urlTarget"
  } ],
  "dependencies" : [ ],
  "variables" : [ {
    "name" : "V_Status_1",
    "type" : "integer"
  }, {
    "name" : "V_Piktogramm",
    "type" : "integer"
  }, {
    "name" : "V_Score_1",
    "type" : "integer"
  }, {
    "name" : "V_Input_1_1",
    "type" : "integer"
  }, {
    "name" : "V_Input_1_2",
    "type" : "integer"
  }, {
    "name" : "V_Input_1_3",
    "type" : "string"
  }, {
    "name" : "V_Input_1_4",
    "type" : "string"
  } ]
}