{
  "runtimeCompatibilityVersion" : "9.9.0",
  "itemName" : "msk_n2_c_2",
  "itemWidth" : 1024,
  "itemHeight" : 768,
  "tasks" : [ "Task01" ],
  "resources" : [ {
    "pathInZip" : "resources\\Piktogramm_blank.png",
    "size" : 123,
    "type" : "image"
  }, {
    "pathInZip" : "resources\\feedback_b_100.png",
    "size" : 491,
    "type" : "image"
  }, {
    "pathInZip" : "resources\\max4_b.png",
    "size" : 422,
    "type" : "image"
  }, {
    "pathInZip" : "resources\\Boegen_Zeichnen_V02.webm",
    "size" : 285788,
    "type" : "video"
  }, {
    "pathInZip" : "resources\\max4_a.png",
    "size" : 490,
    "type" : "image"
  }, {
    "pathInZip" : "resources\\feedback_a_100.png",
    "size" : 613,
    "type" : "image"
  }, {
    "pathInZip" : "resources\\Piktogramm_Boegen_Zeichnen.png",
    "size" : 8577,
    "type" : "image"
  }, {
    "pathInZip" : "resources\\Boegen_Zeichnen_V02.mp4",
    "size" : 284000,
    "type" : "video"
  }, {
    "pathInZip" : "resources\\0_9_a.png",
    "size" : 428,
    "type" : "image"
  }, {
    "pathInZip" : "resources\\0_9_b.png",
    "size" : 345,
    "type" : "image"
  }, {
    "pathInZip" : "resources\\rahmen_2b.png",
    "size" : 7981,
    "type" : "image"
  } ],
  "externalResources" : [ {
    "pathInZip" : "external-resources\\msk_n2_c_2a.html",
    "size" : 201,
    "type" : "urlTarget"
  }, {
    "pathInZip" : "external-resources\\msk_n2_c_2b.html",
    "size" : 201,
    "type" : "urlTarget"
  } ],
  "dependencies" : [ ],
  "variables" : [ {
    "name" : "V_Status_2a",
    "type" : "integer"
  }, {
    "name" : "V_Status_2b",
    "type" : "integer"
  }, {
    "name" : "V_Piktogramm",
    "type" : "integer"
  }, {
    "name" : "V_pagearea_1_a",
    "type" : "integer"
  }, {
    "name" : "V_pagearea_2_a",
    "type" : "integer"
  } ]
}