{
  "runtimeCompatibilityVersion" : "9.9.0",
  "itemName" : "msk_s5_b_3",
  "itemWidth" : 1024,
  "itemHeight" : 768,
  "tasks" : [ "Task01" ],
  "resources" : [ {
    "pathInZip" : "resources\\Piktogramm_Rechenzeichen_anklicken.png",
    "size" : 4723,
    "type" : "image"
  }, {
    "pathInZip" : "resources\\Anklicken_SC.webm",
    "size" : 121882,
    "type" : "video"
  }, {
    "pathInZip" : "resources\\Anklicken_SC.mp4",
    "size" : 90768,
    "type" : "video"
  }, {
    "pathInZip" : "resources\\Piktogramm_Anklicken.png",
    "size" : 3641,
    "type" : "image"
  }, {
    "pathInZip" : "resources\\rahmen_2b.png",
    "size" : 7981,
    "type" : "image"
  }, {
    "pathInZip" : "resources\\Rechenzeichen_anklicken.mp4",
    "size" : 80822,
    "type" : "video"
  }, {
    "pathInZip" : "resources\\Rechenzeichen_anklicken.webm",
    "size" : 106775,
    "type" : "video"
  } ],
  "externalResources" : [ {
    "pathInZip" : "external-resources\\msk_s5_b_2a_2.html",
    "size" : 205,
    "type" : "urlTarget"
  }, {
    "pathInZip" : "external-resources\\msk_s5_b_2a_1.html",
    "size" : 205,
    "type" : "urlTarget"
  } ],
  "dependencies" : [ ],
  "variables" : [ {
    "name" : "V_Status_2a_1",
    "type" : "integer"
  }, {
    "name" : "V_Status_2a_2",
    "type" : "integer"
  }, {
    "name" : "V_Status_2a_1_2",
    "type" : "integer"
  }, {
    "name" : "V_Status_2a_2_2",
    "type" : "integer"
  }, {
    "name" : "V_Piktogramm",
    "type" : "integer"
  }, {
    "name" : "V_Status_2a_1_1",
    "type" : "integer"
  }, {
    "name" : "V_Status_2a_2_1",
    "type" : "integer"
  }, {
    "name" : "V_Input_2a_1_2",
    "type" : "string"
  }, {
    "name" : "V_Input_2a_2_2",
    "type" : "string"
  } ]
}