{"version":"01.00.00","projectName":"msk_s1_a_5","projectPages":[{"pageName":"page1","pageID":"-37868d12:17c3bafa939:-7fff","eramlModelFile":"page1.cbaml","eramlDiagramFile":"page1.cbaml_diagram","pageType":"SIMPLE","pageTags":["X_PAGE","STANDARD_PAGE"]},{"pageName":"dialog","pageID":"-37868d12:17c3bafa939:-7ffe","eramlModelFile":"dialog.cbaml","eramlDiagramFile":"dialog.cbaml_diagram","pageType":"SIMPLE","pageTags":["X_PAGE","STANDARD_PAGE"]},{"pageName":"piktogramm","pageID":"-6b704c83:183ea7f5cbc:-8000","eramlModelFile":"piktogramm.cbaml","eramlDiagramFile":"piktogramm.cbaml_diagram","pageType":"SIMPLE","pageTags":["X_PAGE","STANDARD_PAGE"]}],"resources":[{"path":"C:\\Users\\Stefania\\AppData\\Local\\CBA-IB-9.9.0\\IB\\workspace\\Projects\\resources","name":"Piktogramm_blank.png"},{"path":"C:\\Users\\Stefania\\AppData\\Local\\CBA-IB-9.9.0\\IB\\workspace\\Projects\\resources","name":"Piktogramm_Rechenzeichen_anklicken.png"},{"path":"C:\\Users\\Stefania\\AppData\\Local\\CBA-IB-9.9.0\\IB\\workspace\\Projects\\resources","name":"rahmen_2b.png"},{"path":"C:\\Users\\Stefania\\AppData\\Local\\CBA-IB-9.9.0\\IB\\workspace\\Projects\\resources","name":"Rechenzeichen_anklicken.mp4"},{"path":"C:\\Users\\Stefania\\AppData\\Local\\CBA-IB-9.9.0\\IB\\workspace\\Projects\\resources","name":"Rechenzeichen_anklicken.webm"}],"bilingual":false}