{"version":"01.00.00","projectName":"msk_n4_a_auflage2_2","projectPages":[{"pageName":"page1","pageID":"42ad61c8:178bb53b92d:-8000","eramlModelFile":"page1.cbaml","eramlDiagramFile":"page1.cbaml_diagram","pageType":"SIMPLE","pageTags":["STANDARD_PAGE"]},{"pageName":"dialog","pageID":"-61c209e:17abdd740d3:-7ffe","eramlModelFile":"dialog.cbaml","eramlDiagramFile":"dialog.cbaml_diagram","pageType":"SIMPLE","pageTags":["X_PAGE","STANDARD_PAGE"]},{"pageName":"piktogramm","pageID":"-2103eae9:18345c465ff:-8000","eramlModelFile":"piktogramm.cbaml","eramlDiagramFile":"piktogramm.cbaml_diagram","pageType":"SIMPLE","pageTags":["X_PAGE","STANDARD_PAGE"]}],"resources":[{"path":"C:\\Users\\lvoss\\AppData\\Local\\CBA-IB-9.9.0\\IB\\workspace\\Projects\\resources","name":"HRU_NZ_N4_A_1b_1.png"},{"path":"C:\\Users\\lvoss\\AppData\\Local\\CBA-IB-9.9.0\\IB\\workspace\\Projects\\resources","name":"HRU_NZ_N4_A_1b_1_40x40.png"},{"path":"C:\\Users\\lvoss\\AppData\\Local\\CBA-IB-9.9.0\\IB\\workspace\\Projects\\resources","name":"HRU_NZ_N4_A_1b_2.png"},{"path":"C:\\Users\\lvoss\\AppData\\Local\\CBA-IB-9.9.0\\IB\\workspace\\Projects\\resources","name":"HRU_NZ_N4_A_1b_2_40x40.png"},{"path":"C:\\Users\\lvoss\\AppData\\Local\\CBA-IB-9.9.0\\IB\\workspace\\Projects\\resources","name":"HRU_NZ_N4_A_1b_3.png"},{"path":"C:\\Users\\lvoss\\AppData\\Local\\CBA-IB-9.9.0\\IB\\workspace\\Projects\\resources","name":"HRU_NZ_N4_A_1b_3_40x40.png"},{"path":"C:\\Users\\lvoss\\AppData\\Local\\CBA-IB-9.9.0\\IB\\workspace\\Projects\\resources","name":"HRU_NZ_N4_A_1b_4.png"},{"path":"C:\\Users\\lvoss\\AppData\\Local\\CBA-IB-9.9.0\\IB\\workspace\\Projects\\resources","name":"HRU_NZ_N4_A_1b_4_40x40.png"},{"path":"C:\\Users\\lvoss\\AppData\\Local\\CBA-IB-9.9.0\\IB\\workspace\\Projects\\resources","name":"HRU_NZ_N4_A_1b_5.png"},{"path":"C:\\Users\\lvoss\\AppData\\Local\\CBA-IB-9.9.0\\IB\\workspace\\Projects\\resources","name":"HRU_NZ_N4_A_1b_5_40x40.png"},{"path":"C:\\Users\\lvoss\\AppData\\Local\\CBA-IB-9.9.0\\IB\\workspace\\Projects\\resources","name":"HRU_NZ_N4_A_1b_6.png"},{"path":"C:\\Users\\lvoss\\AppData\\Local\\CBA-IB-9.9.0\\IB\\workspace\\Projects\\resources","name":"HRU_NZ_N4_A_1b_6_40x40.png"},{"path":"C:\\Users\\lvoss\\AppData\\Local\\CBA-IB-9.9.0\\IB\\workspace\\Projects\\resources","name":"HRU_NZ_N4_A_1b_delete_40x40.png"},{"path":"C:\\Users\\lvoss\\AppData\\Local\\CBA-IB-9.9.0\\IB\\workspace\\Projects\\resources","name":"HRU_NZ_N4_A_1b_empty.png"},{"path":"C:\\Users\\lvoss\\AppData\\Local\\CBA-IB-9.9.0\\IB\\workspace\\Projects\\resources","name":"Piktogramm_blank.png"},{"path":"C:\\Users\\lvoss\\AppData\\Local\\CBA-IB-9.9.0\\IB\\workspace\\Projects\\resources","name":"Piktogramm_Wuerfel_ziehen_loeschen.png"},{"path":"C:\\Users\\lvoss\\AppData\\Local\\CBA-IB-9.9.0\\IB\\workspace\\Projects\\resources","name":"rahmen_2b.png"},{"path":"C:\\Users\\lvoss\\AppData\\Local\\CBA-IB-9.9.0\\IB\\workspace\\Projects\\resources","name":"Wuerfel_ziehen_loeschen.mp4"},{"path":"C:\\Users\\lvoss\\AppData\\Local\\CBA-IB-9.9.0\\IB\\workspace\\Projects\\resources","name":"Wuerfel_ziehen_loeschen.webm"}],"bilingual":false}