{"version":"01.00.00","projectName":"msk_b1_c_6","projectPages":[{"pageName":"page1","pageID":"3eb26c87:178c0a75fcc:-7ffa","eramlModelFile":"page1.cbaml","eramlDiagramFile":"page1.cbaml_diagram","pageType":"SIMPLE","pageTags":["X_PAGE","STANDARD_PAGE"]},{"pageName":"dialog","pageID":"11acf2cd:17b1aa4b9e8:-8000","eramlModelFile":"dialog.cbaml","eramlDiagramFile":"dialog.cbaml_diagram","pageType":"SIMPLE","pageTags":["X_PAGE","STANDARD_PAGE"]},{"pageName":"dialog_pagearea_1_correct","pageID":"1f9d6402:187466f15a8:-7fe6","eramlModelFile":"dialog_pagearea_1_correct.cbaml","eramlDiagramFile":"dialog_pagearea_1_correct.cbaml_diagram","pageType":"SIMPLE","pageTags":["X_PAGE","STANDARD_PAGE"]},{"pageName":"dialog_pagearea_1_incorrect","pageID":"1f9d6402:187466f15a8:-7fe5","eramlModelFile":"dialog_pagearea_1_incorrect.cbaml","eramlDiagramFile":"dialog_pagearea_1_incorrect.cbaml_diagram","pageType":"SIMPLE","pageTags":["X_PAGE","STANDARD_PAGE"]}],"resources":[{"path":"C:\\Users\\Mats\\AppData\\Local\\CBA-IB-9.9.0\\IB\\workspace\\Projects\\resources","name":"0_9_a.png"},{"path":"C:\\Users\\Mats\\AppData\\Local\\CBA-IB-9.9.0\\IB\\workspace\\Projects\\resources","name":"0_9_b.png"},{"path":"C:\\Users\\Mats\\AppData\\Local\\CBA-IB-9.9.0\\IB\\workspace\\Projects\\resources","name":"feedback_a_100.png"},{"path":"C:\\Users\\Mats\\AppData\\Local\\CBA-IB-9.9.0\\IB\\workspace\\Projects\\resources","name":"feedback_b_100.png"},{"path":"C:\\Users\\Mats\\AppData\\Local\\CBA-IB-9.9.0\\IB\\workspace\\Projects\\resources","name":"max2_green_14.png"},{"path":"C:\\Users\\Mats\\AppData\\Local\\CBA-IB-9.9.0\\IB\\workspace\\Projects\\resources","name":"max2_red_14.png"}],"bilingual":false}