{
  "runtimeCompatibilityVersion" : "9.9.0",
  "itemName" : "msk_n6_b_2",
  "itemWidth" : 1024,
  "itemHeight" : 768,
  "tasks" : [ "Task01" ],
  "resources" : [ {
    "pathInZip" : "resources\\Piktogramm_blank.png",
    "size" : 123,
    "type" : "image"
  }, {
    "pathInZip" : "resources\\Uebertrag_Stift.webm",
    "size" : 250566,
    "type" : "video"
  }, {
    "pathInZip" : "resources\\max4_a.png",
    "size" : 490,
    "type" : "image"
  }, {
    "pathInZip" : "resources\\feedback_b_100_h50_n6a.png",
    "size" : 503,
    "type" : "image"
  }, {
    "pathInZip" : "resources\\Uebertrag_Tippen.mp4",
    "size" : 348066,
    "type" : "video"
  }, {
    "pathInZip" : "resources\\Piktogramm_UebertragStift.png",
    "size" : 6882,
    "type" : "image"
  }, {
    "pathInZip" : "resources\\Uebertrag_EingabeAuswaehlen.mp4",
    "size" : 51391,
    "type" : "video"
  }, {
    "pathInZip" : "resources\\Uebertrag_EingabeAuswaehlen.webm",
    "size" : 61309,
    "type" : "video"
  }, {
    "pathInZip" : "resources\\Piktogramm_Kaestchen_Zeichnen_1.png",
    "size" : 8150,
    "type" : "image"
  }, {
    "pathInZip" : "resources\\max4_b.png",
    "size" : 422,
    "type" : "image"
  }, {
    "pathInZip" : "resources\\0_9_a.png",
    "size" : 428,
    "type" : "image"
  }, {
    "pathInZip" : "resources\\0_9_b.png",
    "size" : 345,
    "type" : "image"
  }, {
    "pathInZip" : "resources\\rahmen_2b.png",
    "size" : 7981,
    "type" : "image"
  }, {
    "pathInZip" : "resources\\Piktogramm_EingabeAuswaehlen.png",
    "size" : 4530,
    "type" : "image"
  }, {
    "pathInZip" : "resources\\Uebertrag_Stift.mp4",
    "size" : 305049,
    "type" : "video"
  }, {
    "pathInZip" : "resources\\Uebertrag_Tippen.webm",
    "size" : 277295,
    "type" : "video"
  }, {
    "pathInZip" : "resources\\feedback_a_100_h50_n6a.png",
    "size" : 603,
    "type" : "image"
  } ],
  "externalResources" : [ {
    "pathInZip" : "external-resources\\msk_n6_b_2_2.html",
    "size" : 203,
    "type" : "urlTarget"
  }, {
    "pathInZip" : "external-resources\\msk_n6_b_2_1.html",
    "size" : 203,
    "type" : "urlTarget"
  } ],
  "dependencies" : [ ],
  "variables" : [ {
    "name" : "V_Status_2_1",
    "type" : "integer"
  }, {
    "name" : "V_Status_2_2",
    "type" : "integer"
  }, {
    "name" : "V_Piktogramm",
    "type" : "integer"
  }, {
    "name" : "V_Status_2_1_1",
    "type" : "integer"
  }, {
    "name" : "V_Status_2_2_1",
    "type" : "integer"
  }, {
    "name" : "V_pagearea_1_a",
    "type" : "integer"
  }, {
    "name" : "V_pagearea_2_a",
    "type" : "integer"
  }, {
    "name" : "V_IconBarSwitch",
    "type" : "integer"
  } ]
}