{
  "runtimeCompatibilityVersion" : "9.9.0",
  "itemName" : "msk_n1_a_2",
  "itemWidth" : 1024,
  "itemHeight" : 768,
  "tasks" : [ "Task01" ],
  "resources" : [ {
    "pathInZip" : "resources\\feedback_b_100.png",
    "size" : 750,
    "type" : "image"
  }, {
    "pathInZip" : "resources\\max1_a.png",
    "size" : 1064,
    "type" : "image"
  }, {
    "pathInZip" : "resources\\max1_b.png",
    "size" : 762,
    "type" : "image"
  }, {
    "pathInZip" : "resources\\feedback_a_100.png",
    "size" : 1162,
    "type" : "image"
  }, {
    "pathInZip" : "resources\\max6_a.png",
    "size" : 1295,
    "type" : "image"
  }, {
    "pathInZip" : "resources\\0_9_a.png",
    "size" : 938,
    "type" : "image"
  }, {
    "pathInZip" : "resources\\0_9_b.png",
    "size" : 581,
    "type" : "image"
  }, {
    "pathInZip" : "resources\\max6_b.png",
    "size" : 835,
    "type" : "image"
  } ],
  "externalResources" : [ {
    "pathInZip" : "external-resources\\msk_n1_a_2a_3.html",
    "size" : 205,
    "type" : "urlTarget"
  }, {
    "pathInZip" : "external-resources\\msk_n1_a_2a_1.html",
    "size" : 205,
    "type" : "urlTarget"
  }, {
    "pathInZip" : "external-resources\\msk_n1_a_2a_2.html",
    "size" : 205,
    "type" : "urlTarget"
  }, {
    "pathInZip" : "external-resources\\msk_n1_a_2a_4.html",
    "size" : 205,
    "type" : "urlTarget"
  } ],
  "dependencies" : [ ],
  "variables" : [ {
    "name" : "V_Status_2a_2",
    "type" : "integer"
  }, {
    "name" : "V_Status_2a_3",
    "type" : "integer"
  }, {
    "name" : "V_Status_2a_4",
    "type" : "integer"
  }, {
    "name" : "V_pagearea_1_a",
    "type" : "integer"
  }, {
    "name" : "V_pagearea_2_a",
    "type" : "integer"
  } ]
}