{
  "runtimeCompatibilityVersion" : "9.9.0",
  "itemName" : "msk_n1_b_2",
  "itemWidth" : 1024,
  "itemHeight" : 768,
  "tasks" : [ "Task01" ],
  "resources" : [ {
    "pathInZip" : "resources\\max6_green_14.png",
    "size" : 978,
    "type" : "image"
  }, {
    "pathInZip" : "resources\\0_9_a.png",
    "size" : 938,
    "type" : "image"
  }, {
    "pathInZip" : "resources\\feedback_hoehe50_a.png",
    "size" : 1146,
    "type" : "image"
  }, {
    "pathInZip" : "resources\\0_9_b.png",
    "size" : 581,
    "type" : "image"
  }, {
    "pathInZip" : "resources\\feedback_hoehe50_b.png",
    "size" : 785,
    "type" : "image"
  }, {
    "pathInZip" : "resources\\max6_red_14.png",
    "size" : 538,
    "type" : "image"
  } ],
  "externalResources" : [ {
    "pathInZip" : "external-resources\\msk_n1_b_1b_3_left.html",
    "size" : 215,
    "type" : "urlTarget"
  }, {
    "pathInZip" : "external-resources\\msk_n1_b_1b_2_left.html",
    "size" : 215,
    "type" : "urlTarget"
  }, {
    "pathInZip" : "external-resources\\msk_n1_b_1b_1_right.html",
    "size" : 217,
    "type" : "urlTarget"
  }, {
    "pathInZip" : "external-resources\\msk_n1_b_1b_1_left.html",
    "size" : 215,
    "type" : "urlTarget"
  }, {
    "pathInZip" : "external-resources\\msk_n1_b_1b_2_right.html",
    "size" : 217,
    "type" : "urlTarget"
  }, {
    "pathInZip" : "external-resources\\msk_n1_b_1b_3_right.html",
    "size" : 217,
    "type" : "urlTarget"
  }, {
    "pathInZip" : "external-resources\\msk_n1_b_1b_4_left.html",
    "size" : 215,
    "type" : "urlTarget"
  }, {
    "pathInZip" : "external-resources\\msk_n1_b_1b_4_right.html",
    "size" : 217,
    "type" : "urlTarget"
  } ],
  "dependencies" : [ ],
  "variables" : [ {
    "name" : "V_Status_1b",
    "type" : "integer"
  }, {
    "name" : "V_pagearea_1_a",
    "type" : "integer"
  } ]
}