{
  "runtimeCompatibilityVersion" : "9.9.0",
  "itemName" : "msk_s1_a_1",
  "itemWidth" : 1024,
  "itemHeight" : 768,
  "tasks" : [ "Task01" ],
  "resources" : [ {
    "pathInZip" : "resources\\DrehenLinksGrau.png",
    "size" : 1438,
    "type" : "image"
  }, {
    "pathInZip" : "resources\\DrehenLinksSchwarz.png",
    "size" : 1343,
    "type" : "image"
  }, {
    "pathInZip" : "resources\\Lineal_Ziehen_Drehen.mp4",
    "size" : 228737,
    "type" : "video"
  }, {
    "pathInZip" : "resources\\90Grad.png",
    "size" : 152966,
    "type" : "image"
  }, {
    "pathInZip" : "resources\\45Grad.png",
    "size" : 210500,
    "type" : "image"
  }, {
    "pathInZip" : "resources\\-90.png",
    "size" : 150946,
    "type" : "image"
  }, {
    "pathInZip" : "resources\\30Grad.png",
    "size" : 216774,
    "type" : "image"
  }, {
    "pathInZip" : "resources\\60Grad.png",
    "size" : 233031,
    "type" : "image"
  }, {
    "pathInZip" : "resources\\-40.png",
    "size" : 214715,
    "type" : "image"
  }, {
    "pathInZip" : "resources\\-35.png",
    "size" : 217146,
    "type" : "image"
  }, {
    "pathInZip" : "resources\\-70.png",
    "size" : 214461,
    "type" : "image"
  }, {
    "pathInZip" : "resources\\DrehenRechtsGrau.png",
    "size" : 1507,
    "type" : "image"
  }, {
    "pathInZip" : "resources\\75Grad.png",
    "size" : 207469,
    "type" : "image"
  }, {
    "pathInZip" : "resources\\-05.png",
    "size" : 109064,
    "type" : "image"
  }, {
    "pathInZip" : "resources\\-75.png",
    "size" : 202527,
    "type" : "image"
  }, {
    "pathInZip" : "resources\\DrehenRechtsSchwarz.png",
    "size" : 1425,
    "type" : "image"
  }, {
    "pathInZip" : "resources\\-10.png",
    "size" : 144354,
    "type" : "image"
  }, {
    "pathInZip" : "resources\\rahmen_2b.png",
    "size" : 7981,
    "type" : "image"
  }, {
    "pathInZip" : "resources\\-15.png",
    "size" : 168646,
    "type" : "image"
  }, {
    "pathInZip" : "resources\\-45.png",
    "size" : 197083,
    "type" : "image"
  }, {
    "pathInZip" : "resources\\15Grad.png",
    "size" : 175380,
    "type" : "image"
  }, {
    "pathInZip" : "resources\\80Grad.png",
    "size" : 192808,
    "type" : "image"
  }, {
    "pathInZip" : "resources\\feedback_b_100.png",
    "size" : 750,
    "type" : "image"
  }, {
    "pathInZip" : "resources\\-80.png",
    "size" : 189511,
    "type" : "image"
  }, {
    "pathInZip" : "resources\\-55.png",
    "size" : 224897,
    "type" : "image"
  }, {
    "pathInZip" : "resources\\-20.png",
    "size" : 186244,
    "type" : "image"
  }, {
    "pathInZip" : "resources\\20Grad.png",
    "size" : 190657,
    "type" : "image"
  }, {
    "pathInZip" : "resources\\50Grad.png",
    "size" : 231704,
    "type" : "image"
  }, {
    "pathInZip" : "resources\\feedback_a_100.png",
    "size" : 1162,
    "type" : "image"
  }, {
    "pathInZip" : "resources\\-50.png",
    "size" : 221022,
    "type" : "image"
  }, {
    "pathInZip" : "resources\\-25.png",
    "size" : 203013,
    "type" : "image"
  }, {
    "pathInZip" : "resources\\65Grad.png",
    "size" : 228496,
    "type" : "image"
  }, {
    "pathInZip" : "resources\\05Grad.png",
    "size" : 116618,
    "type" : "image"
  }, {
    "pathInZip" : "resources\\-85.png",
    "size" : 174978,
    "type" : "image"
  }, {
    "pathInZip" : "resources\\35Grad.png",
    "size" : 224868,
    "type" : "image"
  }, {
    "pathInZip" : "resources\\Lineal_Ziehen_Drehen.webm",
    "size" : 219378,
    "type" : "video"
  }, {
    "pathInZip" : "resources\\Drehen_1_1.png",
    "size" : 1713,
    "type" : "image"
  }, {
    "pathInZip" : "resources\\70Grad.png",
    "size" : 219955,
    "type" : "image"
  }, {
    "pathInZip" : "resources\\40Grad.png",
    "size" : 227925,
    "type" : "image"
  }, {
    "pathInZip" : "resources\\10Grad.png",
    "size" : 152914,
    "type" : "image"
  }, {
    "pathInZip" : "resources\\Piktogramm_Lineal_Ziehen_Drehen.png",
    "size" : 7457,
    "type" : "image"
  }, {
    "pathInZip" : "resources\\0Grad.png",
    "size" : 69911,
    "type" : "image"
  }, {
    "pathInZip" : "resources\\85Grad.png",
    "size" : 177357,
    "type" : "image"
  }, {
    "pathInZip" : "resources\\25Grad.png",
    "size" : 205836,
    "type" : "image"
  }, {
    "pathInZip" : "resources\\-65.png",
    "size" : 223802,
    "type" : "image"
  }, {
    "pathInZip" : "resources\\-60.png",
    "size" : 227175,
    "type" : "image"
  }, {
    "pathInZip" : "resources\\55Grad.png",
    "size" : 233158,
    "type" : "image"
  }, {
    "pathInZip" : "resources\\-30.png",
    "size" : 212088,
    "type" : "image"
  } ],
  "externalResources" : [ ],
  "dependencies" : [ ],
  "variables" : [ {
    "name" : "V_Status_1a",
    "type" : "integer"
  }, {
    "name" : "V_Geodreieck",
    "type" : "integer"
  }, {
    "name" : "V_Drehen",
    "type" : "integer"
  }, {
    "name" : "V_Status_1a_2",
    "type" : "integer"
  }, {
    "name" : "V_Piktogramm",
    "type" : "integer"
  }, {
    "name" : "V_pagearea_1_a",
    "type" : "integer"
  } ]
}