{
  "runtimeCompatibilityVersion" : "9.9.0",
  "itemName" : "msk_d2_b_2",
  "itemWidth" : 1024,
  "itemHeight" : 768,
  "tasks" : [ "Task01" ],
  "resources" : [ {
    "pathInZip" : "resources\\Piktogramm_blank.png",
    "size" : 123,
    "type" : "image"
  }, {
    "pathInZip" : "resources\\Piktogramm_Anklicken_Auswaehlen.png",
    "size" : 4682,
    "type" : "image"
  }, {
    "pathInZip" : "resources\\AnklickenAuswaehlen.mp4",
    "size" : 89815,
    "type" : "video"
  }, {
    "pathInZip" : "resources\\rahmen_2b.png",
    "size" : 7981,
    "type" : "image"
  }, {
    "pathInZip" : "resources\\AnklickenAuswaehlen.webm",
    "size" : 101628,
    "type" : "video"
  } ],
  "externalResources" : [ ],
  "dependencies" : [ ],
  "variables" : [ {
    "name" : "V_Status_1b",
    "type" : "integer"
  }, {
    "name" : "V_Piktogramm",
    "type" : "integer"
  } ]
}