{
  "runtimeCompatibilityVersion" : "9.9.0",
  "itemName" : "msk_s1_b_1",
  "itemWidth" : 1024,
  "itemHeight" : 768,
  "tasks" : [ "Task01" ],
  "resources" : [ {
    "pathInZip" : "resources\\Piktogramm_blank.png",
    "size" : 123,
    "type" : "image"
  }, {
    "pathInZip" : "resources\\S1B_D_1_QuadratA.png",
    "size" : 1322,
    "type" : "image"
  }, {
    "pathInZip" : "resources\\S1B_D_1_QuadratB.png",
    "size" : 1370,
    "type" : "image"
  }, {
    "pathInZip" : "resources\\Anklicken_MC.mp4",
    "size" : 91334,
    "type" : "video"
  }, {
    "pathInZip" : "resources\\Piktogramm_Anklicken.png",
    "size" : 3626,
    "type" : "image"
  }, {
    "pathInZip" : "resources\\rahmen_2b.png",
    "size" : 7973,
    "type" : "image"
  }, {
    "pathInZip" : "resources\\S1B_D_1_QuadratD.png",
    "size" : 1897,
    "type" : "image"
  }, {
    "pathInZip" : "resources\\S1B_D_1_QuadratC.png",
    "size" : 1445,
    "type" : "image"
  }, {
    "pathInZip" : "resources\\Anklicken_MC.webm",
    "size" : 122864,
    "type" : "video"
  } ],
  "externalResources" : [ ],
  "dependencies" : [ ],
  "variables" : [ {
    "name" : "V_Status_1a",
    "type" : "integer"
  }, {
    "name" : "V_Status_1b",
    "type" : "integer"
  }, {
    "name" : "V_Piktogramm",
    "type" : "integer"
  } ]
}