{
  "runtimeCompatibilityVersion" : "9.9.0",
  "itemName" : "msk_n2_b_3",
  "itemWidth" : 1024,
  "itemHeight" : 768,
  "tasks" : [ "Task01" ],
  "resources" : [ {
    "pathInZip" : "resources\\Piktogramm_blank.png",
    "size" : 123,
    "type" : "image"
  }, {
    "pathInZip" : "resources\\msk_n2_b_3_4_neu.png",
    "size" : 1783,
    "type" : "image"
  }, {
    "pathInZip" : "resources\\msk_n2_b_3_3_neu.png",
    "size" : 621,
    "type" : "image"
  }, {
    "pathInZip" : "resources\\Anklicken_GedruecktHalten.webm",
    "size" : 79766,
    "type" : "video"
  }, {
    "pathInZip" : "resources\\msk_n2_b_3_1_neu.png",
    "size" : 1792,
    "type" : "image"
  }, {
    "pathInZip" : "resources\\rahmen_2b.png",
    "size" : 7981,
    "type" : "image"
  }, {
    "pathInZip" : "resources\\msk_n2_b_3_5_neu.png",
    "size" : 1800,
    "type" : "image"
  }, {
    "pathInZip" : "resources\\Anklicken_GedruecktHalten.mp4",
    "size" : 63880,
    "type" : "video"
  }, {
    "pathInZip" : "resources\\msk_n2_b_3_2_neu.png",
    "size" : 1850,
    "type" : "image"
  }, {
    "pathInZip" : "resources\\Piktogramm_Anklicken_gedrueckt_halten.png",
    "size" : 5578,
    "type" : "image"
  } ],
  "externalResources" : [ ],
  "dependencies" : [ ],
  "variables" : [ {
    "name" : "V_3a_source1",
    "type" : "integer"
  }, {
    "name" : "V_3a_source2",
    "type" : "integer"
  }, {
    "name" : "V_3a_source3",
    "type" : "integer"
  }, {
    "name" : "V_3a_source4",
    "type" : "integer"
  }, {
    "name" : "V_3a_source5",
    "type" : "integer"
  }, {
    "name" : "V_Status_3a",
    "type" : "integer"
  }, {
    "name" : "V_3a_Position1",
    "type" : "integer"
  }, {
    "name" : "V_3a_Position2",
    "type" : "integer"
  }, {
    "name" : "V_3a_Position3",
    "type" : "integer"
  }, {
    "name" : "V_3a_Position4",
    "type" : "integer"
  }, {
    "name" : "V_3a_Position5",
    "type" : "integer"
  }, {
    "name" : "V_Score_3a",
    "type" : "integer"
  }, {
    "name" : "V_Piktogramm",
    "type" : "integer"
  } ]
}