{
  "runtimeCompatibilityVersion" : "9.9.0",
  "itemName" : "msk_s6_a_4",
  "itemWidth" : 1024,
  "itemHeight" : 768,
  "tasks" : [ "Task01" ],
  "resources" : [ {
    "pathInZip" : "resources\\Piktogramm_blank.png",
    "size" : 123,
    "type" : "image"
  }, {
    "pathInZip" : "resources\\feedback_b_100.png",
    "size" : 491,
    "type" : "image"
  }, {
    "pathInZip" : "resources\\Bruch_anklicken.mp4",
    "size" : 155682,
    "type" : "video"
  }, {
    "pathInZip" : "resources\\Piktogramm_Rechenzeichen_anklicken.png",
    "size" : 4723,
    "type" : "image"
  }, {
    "pathInZip" : "resources\\Bruch_anklicken.webm",
    "size" : 152040,
    "type" : "video"
  }, {
    "pathInZip" : "resources\\feedback_a_100.png",
    "size" : 613,
    "type" : "image"
  }, {
    "pathInZip" : "resources\\rahmen_2b.png",
    "size" : 7981,
    "type" : "image"
  }, {
    "pathInZip" : "resources\\SchiebereglerZiehen_Zeichnen.webm",
    "size" : 177111,
    "type" : "video"
  }, {
    "pathInZip" : "resources\\SchiebereglerZiehen_Zeichnen.mp4",
    "size" : 166361,
    "type" : "video"
  }, {
    "pathInZip" : "resources\\Piktogramm_Schieberegler_Zeichnung.png",
    "size" : 8099,
    "type" : "image"
  }, {
    "pathInZip" : "resources\\Arrow.png",
    "size" : 324,
    "type" : "image"
  } ],
  "externalResources" : [ {
    "pathInZip" : "external-resources\\msk_s6_a_3b_bottom.html",
    "size" : 215,
    "type" : "urlTarget"
  }, {
    "pathInZip" : "external-resources\\msk_s6_a_3b_top.html",
    "size" : 209,
    "type" : "urlTarget"
  } ],
  "dependencies" : [ ],
  "variables" : [ {
    "name" : "V_Status_3a_1",
    "type" : "integer"
  }, {
    "name" : "V_Status_3a_2",
    "type" : "integer"
  }, {
    "name" : "V_Status_3a_3",
    "type" : "integer"
  }, {
    "name" : "V_Status_3a_4",
    "type" : "integer"
  }, {
    "name" : "V_Status_3b",
    "type" : "integer"
  }, {
    "name" : "V_Piktogramm",
    "type" : "integer"
  }, {
    "name" : "V_Status_3b_bar",
    "type" : "integer"
  }, {
    "name" : "V_Status_3b_text",
    "type" : "integer"
  }, {
    "name" : "V_pagearea_1_a",
    "type" : "integer"
  }, {
    "name" : "V_pagearea_2_a",
    "type" : "integer"
  } ]
}