{
  "runtimeCompatibilityVersion" : "9.9.0",
  "itemName" : "msk_b3_b_3",
  "itemWidth" : 1024,
  "itemHeight" : 768,
  "tasks" : [ "Task01" ],
  "resources" : [ {
    "pathInZip" : "resources\\Piktogramm_blank.png",
    "size" : 123,
    "type" : "image"
  }, {
    "pathInZip" : "resources\\Bruch_anklicken.mp4",
    "size" : 155682,
    "type" : "video"
  }, {
    "pathInZip" : "resources\\Piktogramm_Rechenzeichen_anklicken.png",
    "size" : 4723,
    "type" : "image"
  }, {
    "pathInZip" : "resources\\Piktogramm_Anklicken_Auswaehlen.png",
    "size" : 4682,
    "type" : "image"
  }, {
    "pathInZip" : "resources\\Bruch_anklicken.webm",
    "size" : 152040,
    "type" : "video"
  }, {
    "pathInZip" : "resources\\AnklickenAuswaehlen.mp4",
    "size" : 89815,
    "type" : "video"
  }, {
    "pathInZip" : "resources\\rahmen_2b.png",
    "size" : 7981,
    "type" : "image"
  }, {
    "pathInZip" : "resources\\AnklickenAuswaehlen.webm",
    "size" : 101628,
    "type" : "video"
  } ],
  "externalResources" : [ {
    "pathInZip" : "external-resources\\msk_b3_b_2b.html",
    "size" : 201,
    "type" : "urlTarget"
  } ],
  "dependencies" : [ ],
  "variables" : [ {
    "name" : "V_Status_1a",
    "type" : "integer"
  }, {
    "name" : "V_Status_1b",
    "type" : "integer"
  }, {
    "name" : "V_Status_2a_1",
    "type" : "integer"
  }, {
    "name" : "V_Status_2a_2",
    "type" : "integer"
  }, {
    "name" : "V_Status_2b",
    "type" : "integer"
  }, {
    "name" : "V_Status_3a_1",
    "type" : "integer"
  }, {
    "name" : "V_Status_3a_2",
    "type" : "integer"
  }, {
    "name" : "V_Status_3b",
    "type" : "integer"
  }, {
    "name" : "V_Piktogramm_1",
    "type" : "integer"
  }, {
    "name" : "V_Piktogramm_2",
    "type" : "integer"
  }, {
    "name" : "V_Input_2b",
    "type" : "integer"
  } ]
}