{
  "runtimeCompatibilityVersion" : "9.9.0",
  "itemName" : "msk_n4_b_10",
  "itemWidth" : 1024,
  "itemHeight" : 768,
  "tasks" : [ "Task01" ],
  "resources" : [ {
    "pathInZip" : "resources\\Piktogramm_blank.png",
    "size" : 123,
    "type" : "image"
  }, {
    "pathInZip" : "resources\\plusminus_b.png",
    "size" : 181,
    "type" : "image"
  }, {
    "pathInZip" : "resources\\feedback_b_100.png",
    "size" : 491,
    "type" : "image"
  }, {
    "pathInZip" : "resources\\feedback_a_100.png",
    "size" : 613,
    "type" : "image"
  }, {
    "pathInZip" : "resources\\max30_a.png",
    "size" : 572,
    "type" : "image"
  }, {
    "pathInZip" : "resources\\Piktogramm_Rechenzeichen_anklicken.png",
    "size" : 4723,
    "type" : "image"
  }, {
    "pathInZip" : "resources\\plusminus_a.png",
    "size" : 176,
    "type" : "image"
  }, {
    "pathInZip" : "resources\\0_9_a.png",
    "size" : 428,
    "type" : "image"
  }, {
    "pathInZip" : "resources\\0_9_b.png",
    "size" : 345,
    "type" : "image"
  }, {
    "pathInZip" : "resources\\rahmen_2b.png",
    "size" : 7981,
    "type" : "image"
  }, {
    "pathInZip" : "resources\\max30_b.png",
    "size" : 491,
    "type" : "image"
  }, {
    "pathInZip" : "resources\\Rechenzeichen_anklicken.mp4",
    "size" : 80822,
    "type" : "video"
  }, {
    "pathInZip" : "resources\\Rechenzeichen_anklicken.webm",
    "size" : 203421,
    "type" : "video"
  } ],
  "externalResources" : [ {
    "pathInZip" : "external-resources\\msk_n4_b_5a_left.html",
    "size" : 211,
    "type" : "urlTarget"
  }, {
    "pathInZip" : "external-resources\\msk_n4_b_5a_right.html",
    "size" : 213,
    "type" : "urlTarget"
  } ],
  "dependencies" : [ ],
  "variables" : [ {
    "name" : "V_Status_5a",
    "type" : "integer"
  }, {
    "name" : "V_Score_5a",
    "type" : "integer"
  }, {
    "name" : "V_Piktogramm_1",
    "type" : "integer"
  }, {
    "name" : "V_Input_5a",
    "type" : "string"
  }, {
    "name" : "V_pagearea_1_a",
    "type" : "integer"
  } ]
}