{
  "runtimeCompatibilityVersion" : "9.9.0",
  "itemName" : "msk_d4_b_1",
  "itemWidth" : 1024,
  "itemHeight" : 768,
  "tasks" : [ "Task01" ],
  "resources" : [ {
    "pathInZip" : "resources\\Piktogramm_blank.png",
    "size" : 123,
    "type" : "image"
  }, {
    "pathInZip" : "resources\\feedback_b_100.png",
    "size" : 491,
    "type" : "image"
  }, {
    "pathInZip" : "resources\\1a.png",
    "size" : 8200,
    "type" : "image"
  }, {
    "pathInZip" : "resources\\Piktogramm_Rechenzeichen_anklicken.png",
    "size" : 4723,
    "type" : "image"
  }, {
    "pathInZip" : "resources\\feedback_a_100.png",
    "size" : 613,
    "type" : "image"
  }, {
    "pathInZip" : "resources\\rahmen_2b.png",
    "size" : 7981,
    "type" : "image"
  }, {
    "pathInZip" : "resources\\Rechenzeichen_anklicken.mp4",
    "size" : 80822,
    "type" : "video"
  }, {
    "pathInZip" : "resources\\Rechenzeichen_anklicken.webm",
    "size" : 106775,
    "type" : "video"
  } ],
  "externalResources" : [ {
    "pathInZip" : "external-resources\\msk_d4_b_1a.html",
    "size" : 201,
    "type" : "urlTarget"
  } ],
  "dependencies" : [ ],
  "variables" : [ {
    "name" : "V_Status_1a",
    "type" : "integer"
  }, {
    "name" : "V_Piktogramm",
    "type" : "integer"
  }, {
    "name" : "V_Score_1a",
    "type" : "integer"
  }, {
    "name" : "V_pagearea_1_a",
    "type" : "integer"
  }, {
    "name" : "V_Input_1a",
    "type" : "string"
  } ]
}