{"version":"01.00.00","projectName":"msk_b3_a_3","projectPages":[{"pageName":"page1","pageID":"-75e37387:1794c866a8f:-7ffe","eramlModelFile":"page1.cbaml","eramlDiagramFile":"page1.cbaml_diagram","pageType":"SIMPLE","pageTags":["STANDARD_PAGE","X_PAGE"]},{"pageName":"dialog","pageID":"376dbb16:17baabac70a:-7ffe","eramlModelFile":"dialog.cbaml","eramlDiagramFile":"dialog.cbaml_diagram","pageType":"SIMPLE","pageTags":["STANDARD_PAGE","X_PAGE"]},{"pageName":"piktogramm1","pageID":"4ea81ad:183d6f47b26:-7ffe","eramlModelFile":"piktogramm1.cbaml","eramlDiagramFile":"piktogramm1.cbaml_diagram","pageType":"SIMPLE","pageTags":["STANDARD_PAGE","X_PAGE"]},{"pageName":"piktogramm2","pageID":"4ea81ad:183d6f47b26:-7ffd","eramlModelFile":"piktogramm2.cbaml","eramlDiagramFile":"piktogramm2.cbaml_diagram","pageType":"SIMPLE","pageTags":["STANDARD_PAGE","X_PAGE"]}],"resources":[{"path":"C:\\Users\\Stefania\\AppData\\Local\\CBA-IB-9.9.0\\IB\\workspace\\Projects\\resources","name":"Anklicken_zum_Markieren.mp4"},{"path":"C:\\Users\\Stefania\\AppData\\Local\\CBA-IB-9.9.0\\IB\\workspace\\Projects\\resources","name":"Anklicken_zum_Markieren.webm"},{"path":"C:\\Users\\Stefania\\AppData\\Local\\CBA-IB-9.9.0\\IB\\workspace\\Projects\\resources","name":"Piktogramm_Anklicken_Markieren.png"},{"path":"C:\\Users\\Stefania\\AppData\\Local\\CBA-IB-9.9.0\\IB\\workspace\\Projects\\resources","name":"Piktogramm_blank.png"},{"path":"C:\\Users\\Stefania\\AppData\\Local\\CBA-IB-9.9.0\\IB\\workspace\\Projects\\resources","name":"Piktogramm_Unterteilung_zeichnen.png"},{"path":"C:\\Users\\Stefania\\AppData\\Local\\CBA-IB-9.9.0\\IB\\workspace\\Projects\\resources","name":"rahmen_2b.png"},{"path":"C:\\Users\\Stefania\\AppData\\Local\\CBA-IB-9.9.0\\IB\\workspace\\Projects\\resources","name":"UnterteilungZeichnen.mp4"},{"path":"C:\\Users\\Stefania\\AppData\\Local\\CBA-IB-9.9.0\\IB\\workspace\\Projects\\resources","name":"UnterteilungZeichnen.webm"}],"bilingual":false}