{
  "runtimeCompatibilityVersion" : "9.9.0",
  "itemName" : "msk_b3_a_3",
  "itemWidth" : 1024,
  "itemHeight" : 768,
  "tasks" : [ "Task01" ],
  "resources" : [ {
    "pathInZip" : "resources\\Piktogramm_blank.png",
    "size" : 123,
    "type" : "image"
  }, {
    "pathInZip" : "resources\\Anklicken_zum_Markieren.mp4",
    "size" : 60300,
    "type" : "video"
  }, {
    "pathInZip" : "resources\\Piktogramm_Unterteilung_zeichnen.png",
    "size" : 7575,
    "type" : "image"
  }, {
    "pathInZip" : "resources\\rahmen_2b.png",
    "size" : 7981,
    "type" : "image"
  }, {
    "pathInZip" : "resources\\Piktogramm_Anklicken_Markieren.png",
    "size" : 4735,
    "type" : "image"
  }, {
    "pathInZip" : "resources\\Anklicken_zum_Markieren.webm",
    "size" : 77668,
    "type" : "video"
  }, {
    "pathInZip" : "resources\\UnterteilungZeichnen.mp4",
    "size" : 298993,
    "type" : "video"
  }, {
    "pathInZip" : "resources\\UnterteilungZeichnen.webm",
    "size" : 304320,
    "type" : "video"
  } ],
  "externalResources" : [ {
    "pathInZip" : "external-resources\\msk_b3_a_1c_3.html",
    "size" : 205,
    "type" : "urlTarget"
  }, {
    "pathInZip" : "external-resources\\msk_b3_a_1c_1.html",
    "size" : 205,
    "type" : "urlTarget"
  }, {
    "pathInZip" : "external-resources\\msk_b3_a_1c_2.html",
    "size" : 205,
    "type" : "urlTarget"
  } ],
  "dependencies" : [ ],
  "variables" : [ {
    "name" : "V_Status_1c",
    "type" : "integer"
  }, {
    "name" : "V_Piktogramm_1",
    "type" : "integer"
  }, {
    "name" : "V_Piktogramm_2",
    "type" : "integer"
  }, {
    "name" : "V_Status_1c_3",
    "type" : "integer"
  }, {
    "name" : "V_Input_1c_1",
    "type" : "integer"
  }, {
    "name" : "V_Input_1c_2",
    "type" : "integer"
  } ]
}