{
  "runtimeCompatibilityVersion" : "9.9.0",
  "itemName" : "msk_d2_b_5",
  "itemWidth" : 1024,
  "itemHeight" : 768,
  "tasks" : [ "Task01" ],
  "resources" : [ {
    "pathInZip" : "resources\\Piktogramm_blank.png",
    "size" : 123,
    "type" : "image"
  }, {
    "pathInZip" : "resources\\278_neu.png",
    "size" : 524,
    "type" : "image"
  }, {
    "pathInZip" : "resources\\2765_neu.png",
    "size" : 582,
    "type" : "image"
  }, {
    "pathInZip" : "resources\\Anklicken_GedruecktHalten.webm",
    "size" : 79766,
    "type" : "video"
  }, {
    "pathInZip" : "resources\\27_neu.png",
    "size" : 438,
    "type" : "image"
  }, {
    "pathInZip" : "resources\\rahmen_2b.png",
    "size" : 7981,
    "type" : "image"
  }, {
    "pathInZip" : "resources\\2276_neu.png",
    "size" : 541,
    "type" : "image"
  }, {
    "pathInZip" : "resources\\Anklicken_GedruecktHalten.mp4",
    "size" : 63880,
    "type" : "video"
  }, {
    "pathInZip" : "resources\\2763_neu.png",
    "size" : 582,
    "type" : "image"
  }, {
    "pathInZip" : "resources\\Piktogramm_Anklicken_gedrueckt_halten.png",
    "size" : 5578,
    "type" : "image"
  } ],
  "externalResources" : [ ],
  "dependencies" : [ ],
  "variables" : [ {
    "name" : "V_1e_source1",
    "type" : "integer"
  }, {
    "name" : "V_1e_source2",
    "type" : "integer"
  }, {
    "name" : "V_1e_source3",
    "type" : "integer"
  }, {
    "name" : "V_1e_source4",
    "type" : "integer"
  }, {
    "name" : "V_1e_source5",
    "type" : "integer"
  }, {
    "name" : "V_1e_Target1",
    "type" : "integer"
  }, {
    "name" : "V_1e_Target2",
    "type" : "integer"
  }, {
    "name" : "V_1e_Target3",
    "type" : "integer"
  }, {
    "name" : "V_1e_Target4",
    "type" : "integer"
  }, {
    "name" : "V_1e_Target5",
    "type" : "integer"
  }, {
    "name" : "V_Status_1e",
    "type" : "integer"
  }, {
    "name" : "V_Piktogramm",
    "type" : "integer"
  } ]
}