{
  "runtimeCompatibilityVersion" : "9.9.0",
  "itemName" : "msk_b4_a_1",
  "itemWidth" : 1024,
  "itemHeight" : 768,
  "tasks" : [ "Task01" ],
  "resources" : [ {
    "pathInZip" : "resources\\Piktogramm_blank.png",
    "size" : 123,
    "type" : "image"
  }, {
    "pathInZip" : "resources\\feedback_b_100.png",
    "size" : 476,
    "type" : "image"
  }, {
    "pathInZip" : "resources\\Bruch_anklicken.webm",
    "size" : 152040,
    "type" : "video"
  }, {
    "pathInZip" : "resources\\max2_green_14.png",
    "size" : 541,
    "type" : "image"
  }, {
    "pathInZip" : "resources\\feedback_a_100.png",
    "size" : 614,
    "type" : "image"
  }, {
    "pathInZip" : "resources\\max2_red_14.png",
    "size" : 359,
    "type" : "image"
  }, {
    "pathInZip" : "resources\\Bruch_anklicken.mp4",
    "size" : 155682,
    "type" : "video"
  }, {
    "pathInZip" : "resources\\Piktogramm_Rechenzeichen_anklicken.png",
    "size" : 4723,
    "type" : "image"
  }, {
    "pathInZip" : "resources\\0_9_a.png",
    "size" : 428,
    "type" : "image"
  }, {
    "pathInZip" : "resources\\0_9_b.png",
    "size" : 345,
    "type" : "image"
  }, {
    "pathInZip" : "resources\\rahmen_2b.png",
    "size" : 7981,
    "type" : "image"
  }, {
    "pathInZip" : "resources\\Piktogramm_Modus_auswaehlen.png",
    "size" : 4270,
    "type" : "image"
  }, {
    "pathInZip" : "resources\\Modus_auswaehlen.webm",
    "size" : 362085,
    "type" : "video"
  }, {
    "pathInZip" : "resources\\Modus_auswaehlen.mp4",
    "size" : 573039,
    "type" : "video"
  } ],
  "externalResources" : [ {
    "pathInZip" : "external-resources\\msk_b4_a_1a.html",
    "size" : 201,
    "type" : "urlTarget"
  }, {
    "pathInZip" : "external-resources\\msk_b4_a_1b.html",
    "size" : 201,
    "type" : "urlTarget"
  } ],
  "dependencies" : [ ],
  "variables" : [ {
    "name" : "V_Status_1a",
    "type" : "integer"
  }, {
    "name" : "V_Status_1b",
    "type" : "integer"
  }, {
    "name" : "V_Piktogramm",
    "type" : "integer"
  }, {
    "name" : "V_Status_1a_2",
    "type" : "integer"
  }, {
    "name" : "V_pagearea_1_a",
    "type" : "integer"
  }, {
    "name" : "V_Input_1a_2",
    "type" : "string"
  } ]
}