{
  "runtimeCompatibilityVersion" : "9.9.0",
  "itemName" : "msk_b2_b_1",
  "itemWidth" : 1024,
  "itemHeight" : 768,
  "tasks" : [ "Task01" ],
  "resources" : [ {
    "pathInZip" : "resources\\Piktogramm_blank.png",
    "size" : 123,
    "type" : "image"
  }, {
    "pathInZip" : "resources\\Bruch_anklicken.mp4",
    "size" : 155682,
    "type" : "video"
  }, {
    "pathInZip" : "resources\\Piktogramm_Rechenzeichen_anklicken.png",
    "size" : 4723,
    "type" : "image"
  }, {
    "pathInZip" : "resources\\Anklicken_MC.mp4",
    "size" : 91334,
    "type" : "video"
  }, {
    "pathInZip" : "resources\\Bruch_anklicken.webm",
    "size" : 152040,
    "type" : "video"
  }, {
    "pathInZip" : "resources\\Piktogramm_Anklicken.png",
    "size" : 3641,
    "type" : "image"
  }, {
    "pathInZip" : "resources\\rahmen_2b.png",
    "size" : 7981,
    "type" : "image"
  }, {
    "pathInZip" : "resources\\HRU_BPD_B2_B_1.png",
    "size" : 3348,
    "type" : "image"
  }, {
    "pathInZip" : "resources\\Anklicken_MC.webm",
    "size" : 122864,
    "type" : "video"
  } ],
  "externalResources" : [ {
    "pathInZip" : "external-resources\\msk_b2_b_1b.html",
    "size" : 201,
    "type" : "urlTarget"
  }, {
    "pathInZip" : "external-resources\\msk_b2_b_1a.html",
    "size" : 201,
    "type" : "urlTarget"
  } ],
  "dependencies" : [ ],
  "variables" : [ {
    "name" : "V_Status_1a",
    "type" : "integer"
  }, {
    "name" : "V_Status_1b",
    "type" : "integer"
  }, {
    "name" : "V_Piktogramm",
    "type" : "integer"
  }, {
    "name" : "V_Input_1a_2",
    "type" : "string"
  }, {
    "name" : "V_Input_1b_2",
    "type" : "string"
  }, {
    "name" : "V_Status_1b_final",
    "type" : "integer"
  }, {
    "name" : "V_Status_1a_final",
    "type" : "integer"
  }, {
    "name" : "V_Status_1a_1_a",
    "type" : "integer"
  }, {
    "name" : "V_Status_1a_1_b",
    "type" : "integer"
  }, {
    "name" : "V_Status_1a_1_c",
    "type" : "integer"
  }, {
    "name" : "V_Status_1b_1_a",
    "type" : "integer"
  }, {
    "name" : "V_Status_1b_1_b",
    "type" : "integer"
  }, {
    "name" : "V_Status_1b_1_c",
    "type" : "integer"
  } ]
}