{"version":"01.00.00","projectName":"msk_d2_b_4","projectPages":[{"pageName":"page1","pageID":"42ad61c8:178bb53b92d:-8000","eramlModelFile":"page1.cbaml","eramlDiagramFile":"page1.cbaml_diagram","pageType":"SIMPLE","pageTags":["STANDARD_PAGE"]},{"pageName":"dialog","pageID":"-38c4d3cf:17b398ef48a:-7ffd","eramlModelFile":"dialog.cbaml","eramlDiagramFile":"dialog.cbaml_diagram","pageType":"SIMPLE","pageTags":["X_PAGE","STANDARD_PAGE"]},{"pageName":"piktogramm","pageID":"2448fbe9:183882d2c09:-7feb","eramlModelFile":"piktogramm.cbaml","eramlDiagramFile":"piktogramm.cbaml_diagram","pageType":"SIMPLE","pageTags":["X_PAGE","STANDARD_PAGE"]}],"resources":[{"path":"C:\\Users\\Mats\\AppData\\Local\\CBA-IB-9.9.0\\IB\\workspace\\Projects\\resources","name":"Anklicken_SC.mp4"},{"path":"C:\\Users\\Mats\\AppData\\Local\\CBA-IB-9.9.0\\IB\\workspace\\Projects\\resources","name":"Anklicken_SC.webm"},{"path":"C:\\Users\\Mats\\AppData\\Local\\CBA-IB-9.9.0\\IB\\workspace\\Projects\\resources","name":"Piktogramm_Anklicken.png"},{"path":"C:\\Users\\Mats\\AppData\\Local\\CBA-IB-9.9.0\\IB\\workspace\\Projects\\resources","name":"Piktogramm_blank.png"},{"path":"C:\\Users\\Mats\\AppData\\Local\\CBA-IB-9.9.0\\IB\\workspace\\Projects\\resources","name":"rahmen_2b.png"},{"path":"C:\\Users\\Mats\\AppData\\Local\\CBA-IB-9.9.0\\IB\\workspace\\Projects\\resources","name":"speechbubble.jpg"},{"path":"C:\\Users\\Mats\\AppData\\Local\\CBA-IB-9.9.0\\IB\\workspace\\Projects\\resources","name":"speechbubble2.jpg"}],"bilingual":false}