{
  "runtimeCompatibilityVersion" : "9.9.0",
  "itemName" : "msk_d2_b_4",
  "itemWidth" : 1024,
  "itemHeight" : 768,
  "tasks" : [ "Task01" ],
  "resources" : [ {
    "pathInZip" : "resources\\Piktogramm_blank.png",
    "size" : 362,
    "type" : "image"
  }, {
    "pathInZip" : "resources\\Anklicken_SC.webm",
    "size" : 121882,
    "type" : "video"
  }, {
    "pathInZip" : "resources\\Anklicken_SC.mp4",
    "size" : 90768,
    "type" : "video"
  }, {
    "pathInZip" : "resources\\Piktogramm_Anklicken.png",
    "size" : 7262,
    "type" : "image"
  }, {
    "pathInZip" : "resources\\rahmen_2b.png",
    "size" : 19870,
    "type" : "image"
  }, {
    "pathInZip" : "resources\\speechbubble2.jpg",
    "size" : 7255,
    "type" : "image"
  }, {
    "pathInZip" : "resources\\speechbubble.jpg",
    "size" : 6566,
    "type" : "image"
  } ],
  "externalResources" : [ ],
  "dependencies" : [ ],
  "variables" : [ {
    "name" : "V_Status_1d_1",
    "type" : "integer"
  }, {
    "name" : "V_Status_1d_2",
    "type" : "integer"
  }, {
    "name" : "V_Status_1d_3",
    "type" : "integer"
  }, {
    "name" : "V_Piktogramm",
    "type" : "integer"
  } ]
}