{
  "runtimeCompatibilityVersion" : "9.9.0",
  "itemName" : "msk_s6_c_4",
  "itemWidth" : 1024,
  "itemHeight" : 768,
  "tasks" : [ "Task01" ],
  "resources" : [ {
    "pathInZip" : "resources\\Piktogramm_blank.png",
    "size" : 123,
    "type" : "image"
  }, {
    "pathInZip" : "resources\\Piktogramm_Kaestchen.png",
    "size" : 6129,
    "type" : "image"
  }, {
    "pathInZip" : "resources\\Kaestchen.mp4",
    "size" : 132522,
    "type" : "video"
  }, {
    "pathInZip" : "resources\\feedback_hoehe50_a.png",
    "size" : 574,
    "type" : "image"
  }, {
    "pathInZip" : "resources\\feedback_hoehe50_b.png",
    "size" : 486,
    "type" : "image"
  }, {
    "pathInZip" : "resources\\rahmen_2b.png",
    "size" : 7981,
    "type" : "image"
  }, {
    "pathInZip" : "resources\\Kaestchen.webm",
    "size" : 169022,
    "type" : "video"
  } ],
  "externalResources" : [ {
    "pathInZip" : "external-resources\\msk_s6_c_3a_1.html",
    "size" : 205,
    "type" : "urlTarget"
  }, {
    "pathInZip" : "external-resources\\msk_s6_c_3a_2.html",
    "size" : 205,
    "type" : "urlTarget"
  } ],
  "dependencies" : [ ],
  "variables" : [ {
    "name" : "V_Status_3a_1",
    "type" : "integer"
  }, {
    "name" : "V_Status_3a_2",
    "type" : "integer"
  }, {
    "name" : "V_Piktogramm",
    "type" : "integer"
  }, {
    "name" : "V_Status_3a_1_2",
    "type" : "integer"
  }, {
    "name" : "V_Status_3a_2_2",
    "type" : "integer"
  }, {
    "name" : "V_pagearea_1_a",
    "type" : "integer"
  }, {
    "name" : "V_pagearea_2_a",
    "type" : "integer"
  }, {
    "name" : "V_pagearea_3_a",
    "type" : "integer"
  } ]
}