{
  "runtimeCompatibilityVersion" : "9.9.0",
  "itemName" : "msk_s4_b_2",
  "itemWidth" : 1024,
  "itemHeight" : 768,
  "tasks" : [ "Task01" ],
  "resources" : [ {
    "pathInZip" : "resources\\feedback_b_100.png",
    "size" : 877,
    "type" : "image"
  }, {
    "pathInZip" : "resources\\feedback_a_100.png",
    "size" : 1234,
    "type" : "image"
  }, {
    "pathInZip" : "resources\\Tabelle_s4_b_2.png",
    "size" : 4901,
    "type" : "image"
  }, {
    "pathInZip" : "resources\\0_9_a.png",
    "size" : 938,
    "type" : "image"
  }, {
    "pathInZip" : "resources\\0_9_b.png",
    "size" : 581,
    "type" : "image"
  }, {
    "pathInZip" : "resources\\max3_a.png",
    "size" : 1242,
    "type" : "image"
  }, {
    "pathInZip" : "resources\\max3_b.png",
    "size" : 756,
    "type" : "image"
  } ],
  "externalResources" : [ {
    "pathInZip" : "external-resources\\msk_s4_b_2.html",
    "size" : 199,
    "type" : "urlTarget"
  } ],
  "dependencies" : [ ],
  "variables" : [ {
    "name" : "V_Status_2",
    "type" : "integer"
  }, {
    "name" : "V_Input_2_1",
    "type" : "integer"
  }, {
    "name" : "V_Input_2_2",
    "type" : "integer"
  }, {
    "name" : "V_Input_2_3",
    "type" : "integer"
  }, {
    "name" : "V_Input_2_4",
    "type" : "integer"
  }, {
    "name" : "V_Input_2_5",
    "type" : "integer"
  }, {
    "name" : "V_Input_2_6",
    "type" : "integer"
  }, {
    "name" : "V_Status_2_S",
    "type" : "integer"
  }, {
    "name" : "V_pagearea_1_a",
    "type" : "integer"
  }, {
    "name" : "V_pagearea_2_a",
    "type" : "integer"
  }, {
    "name" : "V_pagearea_3_a",
    "type" : "integer"
  }, {
    "name" : "V_pagearea_4_a",
    "type" : "integer"
  }, {
    "name" : "V_pagearea_5_a",
    "type" : "integer"
  } ]
}