{
  "runtimeCompatibilityVersion" : "9.9.0",
  "itemName" : "msk_d2_b_1",
  "itemWidth" : 1024,
  "itemHeight" : 768,
  "tasks" : [ "Task01" ],
  "resources" : [ {
    "pathInZip" : "resources\\Piktogramm_blank.png",
    "size" : 123,
    "type" : "image"
  }, {
    "pathInZip" : "resources\\Piktogramm_Anklicken_Auswaehlen.png",
    "size" : 4682,
    "type" : "image"
  }, {
    "pathInZip" : "resources\\Anklicken_Zahlenstrahl.webm",
    "size" : 101072,
    "type" : "video"
  }, {
    "pathInZip" : "resources\\AnklickenAuswaehlen.mp4",
    "size" : 89815,
    "type" : "video"
  }, {
    "pathInZip" : "resources\\rahmen_2b.png",
    "size" : 7981,
    "type" : "image"
  }, {
    "pathInZip" : "resources\\Piktogramm_Anklicken_Zahlenstrahl.png",
    "size" : 5920,
    "type" : "image"
  }, {
    "pathInZip" : "resources\\Anklicken_Zahlenstrahl.mp4",
    "size" : 86563,
    "type" : "video"
  }, {
    "pathInZip" : "resources\\AnklickenAuswaehlen.webm",
    "size" : 101628,
    "type" : "video"
  } ],
  "externalResources" : [ {
    "pathInZip" : "external-resources\\msk_d2_b_1a_1.html",
    "size" : 205,
    "type" : "urlTarget"
  } ],
  "dependencies" : [ ],
  "variables" : [ {
    "name" : "V_Status_1a",
    "type" : "integer"
  }, {
    "name" : "V_Score_1a_1",
    "type" : "integer"
  }, {
    "name" : "V_Status_1a_2",
    "type" : "integer"
  }, {
    "name" : "V_Status_1a_1",
    "type" : "integer"
  }, {
    "name" : "V_Status_1a_3",
    "type" : "integer"
  }, {
    "name" : "V_Piktogramm",
    "type" : "integer"
  }, {
    "name" : "V_Input_1a_1_1_Pos",
    "type" : "integer"
  }, {
    "name" : "V_Input_1a_1_1_Nr",
    "type" : "integer"
  }, {
    "name" : "V_Input_1a_1_2_Pos",
    "type" : "integer"
  }, {
    "name" : "V_Input_1a_1_2_Nr",
    "type" : "integer"
  } ]
}