{
  "runtimeCompatibilityVersion" : "9.9.0",
  "itemName" : "msk_n1_a_1",
  "itemWidth" : 1024,
  "itemHeight" : 768,
  "tasks" : [ "Task01" ],
  "resources" : [ {
    "pathInZip" : "resources\\Piktogramm_blank.png",
    "size" : 123,
    "type" : "image"
  }, {
    "pathInZip" : "resources\\Piktogramm_Wuerfelbilder2.png",
    "size" : 8284,
    "type" : "image"
  }, {
    "pathInZip" : "resources\\Wuerfelbilder2.webm",
    "size" : 97859,
    "type" : "video"
  }, {
    "pathInZip" : "resources\\rahmen_2b.png",
    "size" : 7981,
    "type" : "image"
  }, {
    "pathInZip" : "resources\\Wuerfelbilder2.mp4",
    "size" : 81237,
    "type" : "video"
  } ],
  "externalResources" : [ {
    "pathInZip" : "external-resources\\msk_n1_a_1_2.html",
    "size" : 203,
    "type" : "urlTarget"
  }, {
    "pathInZip" : "external-resources\\msk_n1_a_1_4.html",
    "size" : 203,
    "type" : "urlTarget"
  }, {
    "pathInZip" : "external-resources\\msk_n1_a_1_1.html",
    "size" : 203,
    "type" : "urlTarget"
  }, {
    "pathInZip" : "external-resources\\msk_n1_a_1_3.html",
    "size" : 203,
    "type" : "urlTarget"
  } ],
  "dependencies" : [ ],
  "variables" : [ {
    "name" : "V_Status_1_2",
    "type" : "integer"
  }, {
    "name" : "V_Input_1_2_T",
    "type" : "integer"
  }, {
    "name" : "V_Input_1_2_H",
    "type" : "integer"
  }, {
    "name" : "V_Input_1_2_Z",
    "type" : "integer"
  }, {
    "name" : "V_Input_1_2_E",
    "type" : "integer"
  }, {
    "name" : "V_Status_1_3",
    "type" : "integer"
  }, {
    "name" : "V_Input_1_3_T",
    "type" : "integer"
  }, {
    "name" : "V_Input_1_3_H",
    "type" : "integer"
  }, {
    "name" : "V_Input_1_3_Z",
    "type" : "integer"
  }, {
    "name" : "V_Input_1_3_E",
    "type" : "integer"
  }, {
    "name" : "V_Status_1_4",
    "type" : "integer"
  }, {
    "name" : "V_Input_1_4_T",
    "type" : "integer"
  }, {
    "name" : "V_Input_1_4_H",
    "type" : "integer"
  }, {
    "name" : "V_Input_1_4_Z",
    "type" : "integer"
  }, {
    "name" : "V_Input_1_4_E",
    "type" : "integer"
  }, {
    "name" : "V_Piktogramm",
    "type" : "integer"
  } ]
}