{
  "runtimeCompatibilityVersion" : "9.9.0",
  "itemName" : "msk_n4_b_1",
  "itemWidth" : 1024,
  "itemHeight" : 768,
  "tasks" : [ "Task01" ],
  "resources" : [ {
    "pathInZip" : "resources\\Piktogramm_blank.png",
    "size" : 123,
    "type" : "image"
  }, {
    "pathInZip" : "resources\\plusminus_b.png",
    "size" : 181,
    "type" : "image"
  }, {
    "pathInZip" : "resources\\max30_a.png",
    "size" : 572,
    "type" : "image"
  }, {
    "pathInZip" : "resources\\feedback_a_52.png",
    "size" : 473,
    "type" : "image"
  }, {
    "pathInZip" : "resources\\Anklicken_und_Bewegen.mp4",
    "size" : 176974,
    "type" : "video"
  }, {
    "pathInZip" : "resources\\Piktogramm_Rechenzeichen_anklicken.png",
    "size" : 4719,
    "type" : "image"
  }, {
    "pathInZip" : "resources\\Anklicken_und_Bewegen.webm",
    "size" : 228930,
    "type" : "video"
  }, {
    "pathInZip" : "resources\\plusminus_a.png",
    "size" : 176,
    "type" : "image"
  }, {
    "pathInZip" : "resources\\feedback_b_52.png",
    "size" : 404,
    "type" : "image"
  }, {
    "pathInZip" : "resources\\0_9_a.png",
    "size" : 428,
    "type" : "image"
  }, {
    "pathInZip" : "resources\\0_9_b.png",
    "size" : 345,
    "type" : "image"
  }, {
    "pathInZip" : "resources\\rahmen_2b.png",
    "size" : 7973,
    "type" : "image"
  }, {
    "pathInZip" : "resources\\max30_b.png",
    "size" : 491,
    "type" : "image"
  }, {
    "pathInZip" : "resources\\Piktogramm_Anklicken_und_Bewegen2.png",
    "size" : 8344,
    "type" : "image"
  }, {
    "pathInZip" : "resources\\Rechenzeichen_anklicken.mp4",
    "size" : 80822,
    "type" : "video"
  }, {
    "pathInZip" : "resources\\Rechenzeichen_anklicken.webm",
    "size" : 106775,
    "type" : "video"
  } ],
  "externalResources" : [ {
    "pathInZip" : "external-resources\\msk_n4_b_1a_2.html",
    "size" : 205,
    "type" : "urlTarget"
  }, {
    "pathInZip" : "external-resources\\msk_n4_b_1a_1.html",
    "size" : 205,
    "type" : "urlTarget"
  } ],
  "dependencies" : [ ],
  "variables" : [ {
    "name" : "V_Status_1a",
    "type" : "integer"
  }, {
    "name" : "V_Status_1a_equation",
    "type" : "integer"
  }, {
    "name" : "V_Status_1a_drawing",
    "type" : "integer"
  }, {
    "name" : "V_Score_1a_1",
    "type" : "integer"
  }, {
    "name" : "V_Piktogramm",
    "type" : "integer"
  }, {
    "name" : "V_Input_1a_1",
    "type" : "string"
  }, {
    "name" : "V_Status_1b",
    "type" : "integer"
  }, {
    "name" : "V_pagearea_1_a",
    "type" : "integer"
  } ]
}