{
  "runtimeCompatibilityVersion" : "9.9.0",
  "itemName" : "msk_n5_a_9",
  "itemWidth" : 1024,
  "itemHeight" : 768,
  "tasks" : [ "Task01" ],
  "resources" : [ {
    "pathInZip" : "resources\\feedback_b_100.png",
    "size" : 491,
    "type" : "image"
  }, {
    "pathInZip" : "resources\\max4_b.png",
    "size" : 422,
    "type" : "image"
  }, {
    "pathInZip" : "resources\\max4_a.png",
    "size" : 490,
    "type" : "image"
  }, {
    "pathInZip" : "resources\\feedback_a_100.png",
    "size" : 613,
    "type" : "image"
  }, {
    "pathInZip" : "resources\\0_9_a.png",
    "size" : 428,
    "type" : "image"
  }, {
    "pathInZip" : "resources\\0_9_b.png",
    "size" : 345,
    "type" : "image"
  }, {
    "pathInZip" : "resources\\N5A_9.PNG",
    "size" : 11628,
    "type" : "image"
  }, {
    "pathInZip" : "resources\\header..png",
    "size" : 135,
    "type" : "image"
  } ],
  "externalResources" : [ ],
  "dependencies" : [ ],
  "variables" : [ {
    "name" : "V_Status_3",
    "type" : "integer"
  }, {
    "name" : "V_pagearea_1_a",
    "type" : "integer"
  }, {
    "name" : "V_pagearea_2_a",
    "type" : "integer"
  }, {
    "name" : "V_pagearea_3_a",
    "type" : "integer"
  }, {
    "name" : "V_pagearea_4_a",
    "type" : "integer"
  }, {
    "name" : "V_pagearea_5_a",
    "type" : "integer"
  }, {
    "name" : "V_pagearea_6_a",
    "type" : "integer"
  }, {
    "name" : "V_pagearea_7_a",
    "type" : "integer"
  }, {
    "name" : "V_pagearea_8_a",
    "type" : "integer"
  } ]
}