{
  "runtimeCompatibilityVersion" : "9.9.0",
  "itemName" : "msk_b2_c_3",
  "itemWidth" : 1024,
  "itemHeight" : 768,
  "tasks" : [ "Task01" ],
  "resources" : [ {
    "pathInZip" : "resources\\feedback_b_100.png",
    "size" : 750,
    "type" : "image"
  }, {
    "pathInZip" : "resources\\feedback_a_100.png",
    "size" : 1162,
    "type" : "image"
  }, {
    "pathInZip" : "resources\\0_9_a.png",
    "size" : 938,
    "type" : "image"
  }, {
    "pathInZip" : "resources\\0_9_b.png",
    "size" : 581,
    "type" : "image"
  }, {
    "pathInZip" : "resources\\max3_a.png",
    "size" : 1242,
    "type" : "image"
  }, {
    "pathInZip" : "resources\\max3_b.png",
    "size" : 756,
    "type" : "image"
  } ],
  "externalResources" : [ ],
  "dependencies" : [ ],
  "variables" : [ {
    "name" : "V_Status_2c_1",
    "type" : "integer"
  }, {
    "name" : "V_Status_2c_2",
    "type" : "integer"
  }, {
    "name" : "V_Status_2c_3",
    "type" : "integer"
  }, {
    "name" : "V_Status_2c_4",
    "type" : "integer"
  }, {
    "name" : "V_2c_1_Enumerator1",
    "type" : "integer"
  }, {
    "name" : "V_2c_1_Denominator1",
    "type" : "integer"
  }, {
    "name" : "V_2c_1_Enumerator2",
    "type" : "integer"
  }, {
    "name" : "V_2c_2_Enumerator1",
    "type" : "integer"
  }, {
    "name" : "V_2c_2_Denominator1",
    "type" : "integer"
  }, {
    "name" : "V_2c_2_Enumerator2",
    "type" : "integer"
  }, {
    "name" : "V_2c_2_Denominator2",
    "type" : "integer"
  }, {
    "name" : "V_2c_3_Enumerator1",
    "type" : "integer"
  }, {
    "name" : "V_2c_3_Denominator1",
    "type" : "integer"
  }, {
    "name" : "V_2c_3_Enumerator2",
    "type" : "integer"
  }, {
    "name" : "V_2c_3_Denominator2",
    "type" : "integer"
  }, {
    "name" : "V_2c_4_Enumerator1",
    "type" : "integer"
  }, {
    "name" : "V_2c_4_Denominator1",
    "type" : "integer"
  }, {
    "name" : "V_2c_4_Enumerator2",
    "type" : "integer"
  }, {
    "name" : "V_2c_4_Denominator2",
    "type" : "integer"
  }, {
    "name" : "V_Score_2c_1",
    "type" : "integer"
  }, {
    "name" : "V_Score_2c_2",
    "type" : "integer"
  }, {
    "name" : "V_Score_2c_3",
    "type" : "integer"
  }, {
    "name" : "V_Score_2c_4",
    "type" : "integer"
  }, {
    "name" : "V_pagearea_1_a",
    "type" : "integer"
  }, {
    "name" : "V_pagearea_2_a",
    "type" : "integer"
  }, {
    "name" : "V_pagearea_3_a",
    "type" : "integer"
  }, {
    "name" : "V_pagearea_4_a",
    "type" : "integer"
  } ]
}