{
  "runtimeCompatibilityVersion" : "9.9.0",
  "itemName" : "msk_n3_a_1",
  "itemWidth" : 1024,
  "itemHeight" : 768,
  "tasks" : [ "Task01" ],
  "resources" : [ {
    "pathInZip" : "resources\\Piktogramm_blank.png",
    "size" : 123,
    "type" : "image"
  }, {
    "pathInZip" : "resources\\plusminus_b.png",
    "size" : 181,
    "type" : "image"
  }, {
    "pathInZip" : "resources\\feedback_b_100.png",
    "size" : 491,
    "type" : "image"
  }, {
    "pathInZip" : "resources\\Pause.png",
    "size" : 2696,
    "type" : "image"
  }, {
    "pathInZip" : "resources\\BildVideos.png",
    "size" : 16675,
    "type" : "image"
  }, {
    "pathInZip" : "resources\\feedback_a_100.png",
    "size" : 613,
    "type" : "image"
  }, {
    "pathInZip" : "resources\\max30_a.png",
    "size" : 572,
    "type" : "image"
  }, {
    "pathInZip" : "resources\\Fortsetzen.png",
    "size" : 3359,
    "type" : "image"
  }, {
    "pathInZip" : "resources\\Start.png",
    "size" : 2576,
    "type" : "image"
  }, {
    "pathInZip" : "resources\\n3a1.webm",
    "size" : 711748,
    "type" : "video"
  }, {
    "pathInZip" : "resources\\Piktogramm_Rechenzeichen_anklicken.png",
    "size" : 4719,
    "type" : "image"
  }, {
    "pathInZip" : "resources\\plusminus_a.png",
    "size" : 176,
    "type" : "image"
  }, {
    "pathInZip" : "resources\\n3a1.mp4",
    "size" : 1451924,
    "type" : "video"
  }, {
    "pathInZip" : "resources\\0_9_a.png",
    "size" : 428,
    "type" : "image"
  }, {
    "pathInZip" : "resources\\0_9_b.png",
    "size" : 345,
    "type" : "image"
  }, {
    "pathInZip" : "resources\\rahmen_2b.png",
    "size" : 7973,
    "type" : "image"
  }, {
    "pathInZip" : "resources\\max30_b.png",
    "size" : 491,
    "type" : "image"
  }, {
    "pathInZip" : "resources\\Rechenzeichen_anklicken.mp4",
    "size" : 80822,
    "type" : "video"
  }, {
    "pathInZip" : "resources\\Rechenzeichen_anklicken.webm",
    "size" : 106775,
    "type" : "video"
  } ],
  "externalResources" : [ {
    "pathInZip" : "external-resources\\msk_n3_a_1a.html",
    "size" : 201,
    "type" : "urlTarget"
  } ],
  "dependencies" : [ ],
  "variables" : [ {
    "name" : "V_Status_1a",
    "type" : "integer"
  }, {
    "name" : "V_Piktogramm",
    "type" : "integer"
  }, {
    "name" : "V_Score_1a",
    "type" : "integer"
  }, {
    "name" : "V_pagearea_1_a",
    "type" : "integer"
  }, {
    "name" : "V_Video",
    "type" : "integer"
  }, {
    "name" : "V_Input_1a",
    "type" : "string"
  } ]
}