{
  "runtimeCompatibilityVersion" : "9.9.0",
  "itemName" : "msk_b1_c_4",
  "itemWidth" : 1024,
  "itemHeight" : 768,
  "tasks" : [ "Task01" ],
  "resources" : [ {
    "pathInZip" : "resources\\Piktogramm_blank.png",
    "size" : 123,
    "type" : "image"
  }, {
    "pathInZip" : "resources\\Anklicken_MC.mp4",
    "size" : 91334,
    "type" : "video"
  }, {
    "pathInZip" : "resources\\msk__b1_c_1d_d_passend.png",
    "size" : 1605,
    "type" : "image"
  }, {
    "pathInZip" : "resources\\Piktogramm_Anklicken.png",
    "size" : 3641,
    "type" : "image"
  }, {
    "pathInZip" : "resources\\rahmen_2b.png",
    "size" : 7981,
    "type" : "image"
  }, {
    "pathInZip" : "resources\\msk__b1_c_1d_a_passend.png",
    "size" : 1541,
    "type" : "image"
  }, {
    "pathInZip" : "resources\\msk__b1_c_1d_c_passend.png",
    "size" : 1495,
    "type" : "image"
  }, {
    "pathInZip" : "resources\\msk__b1_c_1d_b_passend.png",
    "size" : 1853,
    "type" : "image"
  }, {
    "pathInZip" : "resources\\Anklicken_MC.webm",
    "size" : 122864,
    "type" : "video"
  } ],
  "externalResources" : [ ],
  "dependencies" : [ ],
  "variables" : [ {
    "name" : "V_Status_1d",
    "type" : "integer"
  }, {
    "name" : "V_Piktogramm",
    "type" : "integer"
  } ]
}