{
  "runtimeCompatibilityVersion" : "9.9.0",
  "itemName" : "msk_n2_a_4",
  "itemWidth" : 1024,
  "itemHeight" : 768,
  "tasks" : [ "Task01" ],
  "resources" : [ {
    "pathInZip" : "resources\\Piktogramm_blank.png",
    "size" : 123,
    "type" : "image"
  }, {
    "pathInZip" : "resources\\feedback_b_100.png",
    "size" : 491,
    "type" : "image"
  }, {
    "pathInZip" : "resources\\KlickenAufZahl_V03.mp4",
    "size" : 160324,
    "type" : "video"
  }, {
    "pathInZip" : "resources\\max4_b.png",
    "size" : 422,
    "type" : "image"
  }, {
    "pathInZip" : "resources\\max4_a.png",
    "size" : 490,
    "type" : "image"
  }, {
    "pathInZip" : "resources\\feedback_a_100.png",
    "size" : 613,
    "type" : "image"
  }, {
    "pathInZip" : "resources\\0_9_a.png",
    "size" : 428,
    "type" : "image"
  }, {
    "pathInZip" : "resources\\Piktogramm_Klicken_auf_Zahl.png",
    "size" : 6928,
    "type" : "image"
  }, {
    "pathInZip" : "resources\\0_9_b.png",
    "size" : 345,
    "type" : "image"
  }, {
    "pathInZip" : "resources\\rahmen_2b.png",
    "size" : 7981,
    "type" : "image"
  }, {
    "pathInZip" : "resources\\KlickenAufZahl_V03.webm",
    "size" : 168480,
    "type" : "video"
  } ],
  "externalResources" : [ {
    "pathInZip" : "external-resources\\msk_n2_a_3b.html",
    "size" : 201,
    "type" : "urlTarget"
  }, {
    "pathInZip" : "external-resources\\msk_n2_a_3a.html",
    "size" : 201,
    "type" : "urlTarget"
  } ],
  "dependencies" : [ ],
  "variables" : [ {
    "name" : "V_Status_3a",
    "type" : "integer"
  }, {
    "name" : "V_Status_3b",
    "type" : "integer"
  }, {
    "name" : "V_Score_3a",
    "type" : "integer"
  }, {
    "name" : "V_Score_3b",
    "type" : "integer"
  }, {
    "name" : "V_Status_3a_1",
    "type" : "integer"
  }, {
    "name" : "V_Status_3a_2",
    "type" : "integer"
  }, {
    "name" : "V_Status_3a_3",
    "type" : "integer"
  }, {
    "name" : "V_Status_3a_4",
    "type" : "integer"
  }, {
    "name" : "V_Status_3a_5",
    "type" : "integer"
  }, {
    "name" : "V_Status_3b_1",
    "type" : "integer"
  }, {
    "name" : "V_Status_3b_2",
    "type" : "integer"
  }, {
    "name" : "V_Status_3b_3",
    "type" : "integer"
  }, {
    "name" : "V_Status_3b_4",
    "type" : "integer"
  }, {
    "name" : "V_Status_3b_5",
    "type" : "integer"
  }, {
    "name" : "V_Piktogramm",
    "type" : "integer"
  }, {
    "name" : "V_Input_3b_1",
    "type" : "integer"
  }, {
    "name" : "V_Input_3b_2",
    "type" : "integer"
  }, {
    "name" : "V_Input_3b_3",
    "type" : "integer"
  }, {
    "name" : "V_Input_3b_4",
    "type" : "integer"
  }, {
    "name" : "V_Input_3b_5",
    "type" : "integer"
  }, {
    "name" : "V_Input_3a_1",
    "type" : "integer"
  }, {
    "name" : "V_Input_3a_2",
    "type" : "integer"
  }, {
    "name" : "V_Input_3a_3",
    "type" : "integer"
  }, {
    "name" : "V_Input_3a_4",
    "type" : "integer"
  }, {
    "name" : "V_Input_3a_5",
    "type" : "integer"
  }, {
    "name" : "V_pagearea_1_a",
    "type" : "integer"
  } ]
}