{
  "runtimeCompatibilityVersion" : "9.9.0",
  "itemName" : "msk_n2_a_1",
  "itemWidth" : 1024,
  "itemHeight" : 768,
  "tasks" : [ "Task01" ],
  "resources" : [ {
    "pathInZip" : "resources\\Piktogramm_blank.png",
    "size" : 123,
    "type" : "image"
  }, {
    "pathInZip" : "resources\\feedback_b_100.png",
    "size" : 491,
    "type" : "image"
  }, {
    "pathInZip" : "resources\\max4_b.png",
    "size" : 422,
    "type" : "image"
  }, {
    "pathInZip" : "resources\\max4_a.png",
    "size" : 490,
    "type" : "image"
  }, {
    "pathInZip" : "resources\\feedback_a_100.png",
    "size" : 613,
    "type" : "image"
  }, {
    "pathInZip" : "resources\\KlickenAufZahl_V01.webm",
    "size" : 173339,
    "type" : "video"
  }, {
    "pathInZip" : "resources\\0_9_a.png",
    "size" : 428,
    "type" : "image"
  }, {
    "pathInZip" : "resources\\Piktogramm_Klicken_auf_Zahl.png",
    "size" : 6928,
    "type" : "image"
  }, {
    "pathInZip" : "resources\\0_9_b.png",
    "size" : 345,
    "type" : "image"
  }, {
    "pathInZip" : "resources\\rahmen_2b.png",
    "size" : 7981,
    "type" : "image"
  }, {
    "pathInZip" : "resources\\KlickenAufZahl_V01.mp4",
    "size" : 156277,
    "type" : "video"
  } ],
  "externalResources" : [ {
    "pathInZip" : "external-resources\\msk_n2_a_1a.html",
    "size" : 201,
    "type" : "urlTarget"
  }, {
    "pathInZip" : "external-resources\\msk_n2_a_1b.html",
    "size" : 201,
    "type" : "urlTarget"
  } ],
  "dependencies" : [ ],
  "variables" : [ {
    "name" : "V_Status_1a",
    "type" : "integer"
  }, {
    "name" : "V_Status_1b",
    "type" : "integer"
  }, {
    "name" : "V_Input_1a_1",
    "type" : "integer"
  }, {
    "name" : "V_Input_1a_2",
    "type" : "integer"
  }, {
    "name" : "V_Input_1a_3",
    "type" : "integer"
  }, {
    "name" : "V_Input_1a_4",
    "type" : "integer"
  }, {
    "name" : "V_Input_1a_5",
    "type" : "integer"
  }, {
    "name" : "V_Input_1b_1",
    "type" : "integer"
  }, {
    "name" : "V_Input_1b_2",
    "type" : "integer"
  }, {
    "name" : "V_Input_1b_3",
    "type" : "integer"
  }, {
    "name" : "V_Input_1b_4",
    "type" : "integer"
  }, {
    "name" : "V_Input_1b_5",
    "type" : "integer"
  }, {
    "name" : "V_Status_1a_1",
    "type" : "integer"
  }, {
    "name" : "V_Status_1a_2",
    "type" : "integer"
  }, {
    "name" : "V_Status_1a_3",
    "type" : "integer"
  }, {
    "name" : "V_Status_1a_4",
    "type" : "integer"
  }, {
    "name" : "V_Status_1a_5",
    "type" : "integer"
  }, {
    "name" : "V_Status_1b_1",
    "type" : "integer"
  }, {
    "name" : "V_Status_1b_2",
    "type" : "integer"
  }, {
    "name" : "V_Status_1b_3",
    "type" : "integer"
  }, {
    "name" : "V_Status_1b_4",
    "type" : "integer"
  }, {
    "name" : "V_Status_1b_5",
    "type" : "integer"
  }, {
    "name" : "V_Piktogramm",
    "type" : "integer"
  }, {
    "name" : "V_pagearea_1_a",
    "type" : "integer"
  } ]
}