{
  "runtimeCompatibilityVersion" : "9.9.0",
  "itemName" : "msk_b2_c_4",
  "itemWidth" : 1024,
  "itemHeight" : 768,
  "tasks" : [ "Task01" ],
  "resources" : [ {
    "pathInZip" : "resources\\Piktogramm_blank.png",
    "size" : 123,
    "type" : "image"
  }, {
    "pathInZip" : "resources\\feedback_b_100.png",
    "size" : 491,
    "type" : "image"
  }, {
    "pathInZip" : "resources\\SchiebereglerZiehen.webm",
    "size" : 86578,
    "type" : "video"
  }, {
    "pathInZip" : "resources\\feedback_a_100.png",
    "size" : 613,
    "type" : "image"
  }, {
    "pathInZip" : "resources\\SchiebereglerZiehen.mp4",
    "size" : 72371,
    "type" : "video"
  }, {
    "pathInZip" : "resources\\Piktogramm_Schieberegler_ziehen.png",
    "size" : 4446,
    "type" : "image"
  }, {
    "pathInZip" : "resources\\rahmen_2b.png",
    "size" : 7981,
    "type" : "image"
  } ],
  "externalResources" : [ {
    "pathInZip" : "external-resources\\msk_b2_c_2d.html",
    "size" : 201,
    "type" : "urlTarget"
  } ],
  "dependencies" : [ ],
  "variables" : [ {
    "name" : "V_Status_2d_1",
    "type" : "integer"
  }, {
    "name" : "V_Status_2d_2",
    "type" : "integer"
  }, {
    "name" : "V_Status_2d_3",
    "type" : "integer"
  }, {
    "name" : "V_Status_2d_1_bar",
    "type" : "integer"
  }, {
    "name" : "V_Status_2d_2_bar",
    "type" : "integer"
  }, {
    "name" : "V_Status_2d_3_bar",
    "type" : "integer"
  }, {
    "name" : "V_Input_2d_1_bar",
    "type" : "integer"
  }, {
    "name" : "V_Input_2d_2_bar",
    "type" : "integer"
  }, {
    "name" : "V_Input_2d_3_bar",
    "type" : "integer"
  }, {
    "name" : "V_Score_2d_1_bar",
    "type" : "integer"
  }, {
    "name" : "V_Score_2d_2_bar",
    "type" : "integer"
  }, {
    "name" : "V_Score_2d_3_bar",
    "type" : "integer"
  }, {
    "name" : "V_Piktogramm",
    "type" : "integer"
  }, {
    "name" : "V_pagearea_1_a",
    "type" : "integer"
  }, {
    "name" : "V_pagearea_2_a",
    "type" : "integer"
  }, {
    "name" : "V_pagearea_3_a",
    "type" : "integer"
  } ]
}