{
  "runtimeCompatibilityVersion" : "9.9.0",
  "itemName" : "msk_d1_a_7",
  "itemWidth" : 1024,
  "itemHeight" : 768,
  "tasks" : [ "Task01" ],
  "resources" : [ {
    "pathInZip" : "resources\\Piktogramm_blank.png",
    "size" : 123,
    "type" : "image"
  }, {
    "pathInZip" : "resources\\Piktogramm_Klicken_auf_Zahl_2.png",
    "size" : 8418,
    "type" : "image"
  }, {
    "pathInZip" : "resources\\Verbindung_hochziehen.mp4",
    "size" : 1799955,
    "type" : "video"
  }, {
    "pathInZip" : "resources\\rahmen_2b.png",
    "size" : 7981,
    "type" : "image"
  }, {
    "pathInZip" : "resources\\Verbindung_hochziehen.webm",
    "size" : 532737,
    "type" : "video"
  } ],
  "externalResources" : [ {
    "pathInZip" : "external-resources\\msk_d1_a_3.html",
    "size" : 199,
    "type" : "urlTarget"
  } ],
  "dependencies" : [ ],
  "variables" : [ {
    "name" : "V_Status_3",
    "type" : "integer"
  }, {
    "name" : "V_Score_3",
    "type" : "integer"
  }, {
    "name" : "V_Piktogramm",
    "type" : "integer"
  } ]
}