{
  "runtimeCompatibilityVersion" : "9.9.0",
  "itemName" : "msk_n6_b_1",
  "itemWidth" : 1024,
  "itemHeight" : 768,
  "tasks" : [ "Task01" ],
  "resources" : [ {
    "pathInZip" : "resources\\feedback_b_100.png",
    "size" : 491,
    "type" : "image"
  }, {
    "pathInZip" : "resources\\max4_b.png",
    "size" : 422,
    "type" : "image"
  }, {
    "pathInZip" : "resources\\Piktogramm_Rechenzeichen_anklicken.png",
    "size" : 4719,
    "type" : "image"
  }, {
    "pathInZip" : "resources\\max4_a.png",
    "size" : 490,
    "type" : "image"
  }, {
    "pathInZip" : "resources\\feedback_a_100.png",
    "size" : 613,
    "type" : "image"
  }, {
    "pathInZip" : "resources\\0_9_a.png",
    "size" : 428,
    "type" : "image"
  }, {
    "pathInZip" : "resources\\0_9_b.png",
    "size" : 345,
    "type" : "image"
  }, {
    "pathInZip" : "resources\\rahmen_2b.png",
    "size" : 7973,
    "type" : "image"
  }, {
    "pathInZip" : "resources\\Rechenzeichen_anklicken.mp4",
    "size" : 80822,
    "type" : "video"
  }, {
    "pathInZip" : "resources\\Rechenzeichen_anklicken.webm",
    "size" : 106775,
    "type" : "video"
  } ],
  "externalResources" : [ {
    "pathInZip" : "external-resources\\msk_n6_b_1_1.html",
    "size" : 203,
    "type" : "urlTarget"
  }, {
    "pathInZip" : "external-resources\\msk_n6_b_1_2.html",
    "size" : 203,
    "type" : "urlTarget"
  } ],
  "dependencies" : [ ],
  "variables" : [ {
    "name" : "V_Status_1_1",
    "type" : "integer"
  }, {
    "name" : "V_Status_1_2",
    "type" : "integer"
  }, {
    "name" : "V_pagearea_1_a",
    "type" : "integer"
  }, {
    "name" : "V_pagearea_2_a",
    "type" : "integer"
  }, {
    "name" : "V_Status_1_1_1",
    "type" : "integer"
  }, {
    "name" : "V_Status_1_2_1",
    "type" : "integer"
  }, {
    "name" : "V_Piktogramm",
    "type" : "integer"
  }, {
    "name" : "V_Input_1a_2",
    "type" : "string"
  }, {
    "name" : "V_Input_1b_2",
    "type" : "string"
  } ]
}