{
  "runtimeCompatibilityVersion" : "9.9.0",
  "itemName" : "msk_n6_b_6",
  "itemWidth" : 1024,
  "itemHeight" : 768,
  "tasks" : [ "Task01" ],
  "resources" : [ {
    "pathInZip" : "resources\\Piktogramm_blank.png",
    "size" : 123,
    "type" : "image"
  }, {
    "pathInZip" : "resources\\feedback_b_100.png",
    "size" : 491,
    "type" : "image"
  }, {
    "pathInZip" : "resources\\Anklicken_SC.webm",
    "size" : 236986,
    "type" : "video"
  }, {
    "pathInZip" : "resources\\Anklicken_SC.mp4",
    "size" : 165325,
    "type" : "video"
  }, {
    "pathInZip" : "resources\\feedback_a_100.png",
    "size" : 613,
    "type" : "image"
  }, {
    "pathInZip" : "resources\\Piktogramm_Anklicken.png",
    "size" : 3641,
    "type" : "image"
  }, {
    "pathInZip" : "resources\\max5_b.png",
    "size" : 433,
    "type" : "image"
  }, {
    "pathInZip" : "resources\\3x2.png",
    "size" : 2260,
    "type" : "image"
  }, {
    "pathInZip" : "resources\\2x2.png",
    "size" : 1911,
    "type" : "image"
  }, {
    "pathInZip" : "resources\\0_9_a.png",
    "size" : 428,
    "type" : "image"
  }, {
    "pathInZip" : "resources\\0_9_b.png",
    "size" : 345,
    "type" : "image"
  }, {
    "pathInZip" : "resources\\rahmen_2b.png",
    "size" : 7981,
    "type" : "image"
  }, {
    "pathInZip" : "resources\\max5_a.png",
    "size" : 509,
    "type" : "image"
  } ],
  "externalResources" : [ ],
  "dependencies" : [ ],
  "variables" : [ {
    "name" : "V_Status_4b_1",
    "type" : "integer"
  }, {
    "name" : "V_Piktogramm",
    "type" : "integer"
  }, {
    "name" : "V_Status_4b_2",
    "type" : "integer"
  }, {
    "name" : "V_Status_4b_3",
    "type" : "integer"
  }, {
    "name" : "V_pagearea_1_a",
    "type" : "integer"
  }, {
    "name" : "V_pagearea_2_a",
    "type" : "integer"
  } ]
}