{
  "runtimeCompatibilityVersion" : "9.9.0",
  "itemName" : "msk_s1_b_4",
  "itemWidth" : 1024,
  "itemHeight" : 768,
  "tasks" : [ "Task01" ],
  "resources" : [ {
    "pathInZip" : "resources\\Piktogramm_blank.png",
    "size" : 123,
    "type" : "image"
  }, {
    "pathInZip" : "resources\\rahmen_2b.png",
    "size" : 7973,
    "type" : "image"
  }, {
    "pathInZip" : "resources\\Piktogramm_Modus_auswaehlen.png",
    "size" : 4270,
    "type" : "image"
  }, {
    "pathInZip" : "resources\\Modus_auswaehlen.webm",
    "size" : 362085,
    "type" : "video"
  }, {
    "pathInZip" : "resources\\Modus_auswaehlen.mp4",
    "size" : 573039,
    "type" : "video"
  } ],
  "externalResources" : [ {
    "pathInZip" : "external-resources\\msk_s1_b_2c.html",
    "size" : 201,
    "type" : "urlTarget"
  } ],
  "dependencies" : [ ],
  "variables" : [ {
    "name" : "V_Status_2c",
    "type" : "integer"
  }, {
    "name" : "V_Piktogramm",
    "type" : "integer"
  }, {
    "name" : "V_Status_2c_1",
    "type" : "integer"
  }, {
    "name" : "V_Status_2c_2",
    "type" : "integer"
  }, {
    "name" : "V_Input_2c",
    "type" : "string"
  } ]
}