{"version":"01.00.00","projectName":"msk_b3_b_2","projectPages":[{"pageName":"page1","pageID":"-79c90091:17921f7365e:-7ffc","eramlModelFile":"page1.cbaml","eramlDiagramFile":"page1.cbaml_diagram","pageType":"SIMPLE","pageTags":["X_PAGE","STANDARD_PAGE"]},{"pageName":"dialog","pageID":"647772f1:17bc0399151:-7fff","eramlModelFile":"dialog.cbaml","eramlDiagramFile":"dialog.cbaml_diagram","pageType":"SIMPLE","pageTags":["X_PAGE","STANDARD_PAGE"]},{"pageName":"piktogramm1","pageID":"31ebfb5:18a07e32acc:-7fff","eramlModelFile":"piktogramm1.cbaml","eramlDiagramFile":"piktogramm1.cbaml_diagram","pageType":"SIMPLE","pageTags":["X_PAGE","STANDARD_PAGE"]},{"pageName":"piktogramm2","pageID":"4ea81ad:183d6f47b26:-7ffb","eramlModelFile":"piktogramm2.cbaml","eramlDiagramFile":"piktogramm2.cbaml_diagram","pageType":"SIMPLE","pageTags":["X_PAGE","STANDARD_PAGE"]}],"resources":[{"path":"C:\\Users\\sgross\\AppData\\Local\\CBA-IB-9.9.0\\IB\\workspace\\Projects\\resources","name":"AnklickenAuswaehlen.mp4"},{"path":"C:\\Users\\sgross\\AppData\\Local\\CBA-IB-9.9.0\\IB\\workspace\\Projects\\resources","name":"AnklickenAuswaehlen.webm"},{"path":"C:\\Users\\sgross\\AppData\\Local\\CBA-IB-9.9.0\\IB\\workspace\\Projects\\resources","name":"Modus_auswaehlen.mp4"},{"path":"C:\\Users\\sgross\\AppData\\Local\\CBA-IB-9.9.0\\IB\\workspace\\Projects\\resources","name":"Modus_auswaehlen.webm"},{"path":"C:\\Users\\sgross\\AppData\\Local\\CBA-IB-9.9.0\\IB\\workspace\\Projects\\resources","name":"Piktogramm_Anklicken_Auswaehlen.png"},{"path":"C:\\Users\\sgross\\AppData\\Local\\CBA-IB-9.9.0\\IB\\workspace\\Projects\\resources","name":"Piktogramm_blank.png"},{"path":"C:\\Users\\sgross\\AppData\\Local\\CBA-IB-9.9.0\\IB\\workspace\\Projects\\resources","name":"Piktogramm_Modus_auswaehlen.png"},{"path":"C:\\Users\\sgross\\AppData\\Local\\CBA-IB-9.9.0\\IB\\workspace\\Projects\\resources","name":"rahmen_2b.png"}],"bilingual":false}