{
  "runtimeCompatibilityVersion" : "9.9.0",
  "itemName" : "msk_b3_b_2",
  "itemWidth" : 1024,
  "itemHeight" : 768,
  "tasks" : [ "Task01" ],
  "resources" : [ {
    "pathInZip" : "resources\\Piktogramm_blank.png",
    "size" : 123,
    "type" : "image"
  }, {
    "pathInZip" : "resources\\Piktogramm_Anklicken_Auswaehlen.png",
    "size" : 4682,
    "type" : "image"
  }, {
    "pathInZip" : "resources\\AnklickenAuswaehlen.mp4",
    "size" : 89815,
    "type" : "video"
  }, {
    "pathInZip" : "resources\\rahmen_2b.png",
    "size" : 7981,
    "type" : "image"
  }, {
    "pathInZip" : "resources\\Piktogramm_Modus_auswaehlen.png",
    "size" : 4275,
    "type" : "image"
  }, {
    "pathInZip" : "resources\\AnklickenAuswaehlen.webm",
    "size" : 101628,
    "type" : "video"
  }, {
    "pathInZip" : "resources\\Modus_auswaehlen.webm",
    "size" : 362085,
    "type" : "video"
  }, {
    "pathInZip" : "resources\\Modus_auswaehlen.mp4",
    "size" : 573039,
    "type" : "video"
  } ],
  "externalResources" : [ {
    "pathInZip" : "external-resources\\msk_b3_b_1b_2.html",
    "size" : 205,
    "type" : "urlTarget"
  } ],
  "dependencies" : [ ],
  "variables" : [ {
    "name" : "V_Status_1b_2",
    "type" : "integer"
  }, {
    "name" : "V_Piktogramm",
    "type" : "integer"
  }, {
    "name" : "V_Status_1b_1",
    "type" : "integer"
  } ]
}