{"version":"01.00.00","projectName":"msk_n3_a_auflage2_4","projectPages":[{"pageName":"page1","pageID":"7d741aa6:1792324d469:-7fff","eramlModelFile":"page1.cbaml","eramlDiagramFile":"page1.cbaml_diagram","pageType":"SIMPLE","pageTags":["STANDARD_PAGE","X_PAGE"]},{"pageName":"dialog","pageID":"647772f1:17bc0399151:-7ffe","eramlModelFile":"dialog.cbaml","eramlDiagramFile":"dialog.cbaml_diagram","pageType":"SIMPLE","pageTags":["STANDARD_PAGE","X_PAGE"]},{"pageName":"piktogramm","pageID":"4ea81ad:183d6f47b26:-7ffa","eramlModelFile":"piktogramm.cbaml","eramlDiagramFile":"piktogramm.cbaml_diagram","pageType":"SIMPLE","pageTags":["STANDARD_PAGE","X_PAGE"]}],"resources":[{"path":"C:\\Users\\alex_\\AppData\\Local\\CBA-IB-9.9.0\\IB\\workspace\\Projects\\resources","name":"AnklickenAuswaehlen.mp4"},{"path":"C:\\Users\\alex_\\AppData\\Local\\CBA-IB-9.9.0\\IB\\workspace\\Projects\\resources","name":"AnklickenAuswaehlen.webm"},{"path":"C:\\Users\\alex_\\AppData\\Local\\CBA-IB-9.9.0\\IB\\workspace\\Projects\\resources","name":"Bruch_anklicken.mp4"},{"path":"C:\\Users\\alex_\\AppData\\Local\\CBA-IB-9.9.0\\IB\\workspace\\Projects\\resources","name":"Bruch_anklicken.webm"},{"path":"C:\\Users\\alex_\\AppData\\Local\\CBA-IB-9.9.0\\IB\\workspace\\Projects\\resources","name":"N3A_1b_1.png"},{"path":"C:\\Users\\alex_\\AppData\\Local\\CBA-IB-9.9.0\\IB\\workspace\\Projects\\resources","name":"N3A_1b_2.png"},{"path":"C:\\Users\\alex_\\AppData\\Local\\CBA-IB-9.9.0\\IB\\workspace\\Projects\\resources","name":"N3A_1b_3.png"},{"path":"C:\\Users\\alex_\\AppData\\Local\\CBA-IB-9.9.0\\IB\\workspace\\Projects\\resources","name":"N3A_1b_4.png"},{"path":"C:\\Users\\alex_\\AppData\\Local\\CBA-IB-9.9.0\\IB\\workspace\\Projects\\resources","name":"N3A_1b_Bild1.png"},{"path":"C:\\Users\\alex_\\AppData\\Local\\CBA-IB-9.9.0\\IB\\workspace\\Projects\\resources","name":"N3A_1b_Bild2.png"},{"path":"C:\\Users\\alex_\\AppData\\Local\\CBA-IB-9.9.0\\IB\\workspace\\Projects\\resources","name":"N3A_1b_Bild3.png"},{"path":"C:\\Users\\alex_\\AppData\\Local\\CBA-IB-9.9.0\\IB\\workspace\\Projects\\resources","name":"N3A_3_1.png"},{"path":"C:\\Users\\alex_\\AppData\\Local\\CBA-IB-9.9.0\\IB\\workspace\\Projects\\resources","name":"Piktogramm_Anklicken_Auswaehlen.png"},{"path":"C:\\Users\\alex_\\AppData\\Local\\CBA-IB-9.9.0\\IB\\workspace\\Projects\\resources","name":"Piktogramm_blank.png"},{"path":"C:\\Users\\alex_\\AppData\\Local\\CBA-IB-9.9.0\\IB\\workspace\\Projects\\resources","name":"Piktogramm_Rechenzeichen_anklicken.png"},{"path":"C:\\Users\\alex_\\AppData\\Local\\CBA-IB-9.9.0\\IB\\workspace\\Projects\\resources","name":"rahmen_2b.png"}],"bilingual":false}