{
  "runtimeCompatibilityVersion" : "9.9.0",
  "itemName" : "msk_n1_a_3",
  "itemWidth" : 1024,
  "itemHeight" : 768,
  "tasks" : [ "Task01" ],
  "resources" : [ {
    "pathInZip" : "resources\\Piktogramm_blank.png",
    "size" : 123,
    "type" : "image"
  }, {
    "pathInZip" : "resources\\max6_green_14.png",
    "size" : 526,
    "type" : "image"
  }, {
    "pathInZip" : "resources\\Piktogramm_Wuerfelbilder2.png",
    "size" : 8284,
    "type" : "image"
  }, {
    "pathInZip" : "resources\\max1_b.png",
    "size" : 423,
    "type" : "image"
  }, {
    "pathInZip" : "resources\\Wuerfelbilder2.mp4",
    "size" : 81237,
    "type" : "video"
  }, {
    "pathInZip" : "resources\\max1_a.png",
    "size" : 473,
    "type" : "image"
  }, {
    "pathInZip" : "resources\\Wuerfelbilder2.webm",
    "size" : 97859,
    "type" : "video"
  }, {
    "pathInZip" : "resources\\0_9_a.png",
    "size" : 428,
    "type" : "image"
  }, {
    "pathInZip" : "resources\\0_9_b.png",
    "size" : 345,
    "type" : "image"
  }, {
    "pathInZip" : "resources\\rahmen_2b.png",
    "size" : 7981,
    "type" : "image"
  }, {
    "pathInZip" : "resources\\max6_red_14.png",
    "size" : 331,
    "type" : "image"
  }, {
    "pathInZip" : "resources\\feedback_a_75.png",
    "size" : 516,
    "type" : "image"
  }, {
    "pathInZip" : "resources\\feedback_b_75.png",
    "size" : 423,
    "type" : "image"
  } ],
  "externalResources" : [ {
    "pathInZip" : "external-resources\\msk_n1_a_2b.html",
    "size" : 201,
    "type" : "urlTarget"
  } ],
  "dependencies" : [ ],
  "variables" : [ {
    "name" : "V_Status_2b",
    "type" : "integer"
  }, {
    "name" : "V_Status_2b_image",
    "type" : "integer"
  }, {
    "name" : "V_Status_2b_numbers",
    "type" : "integer"
  }, {
    "name" : "V_Input_2b_T",
    "type" : "integer"
  }, {
    "name" : "V_Input_2b_H",
    "type" : "integer"
  }, {
    "name" : "V_Input_2b_Z",
    "type" : "integer"
  }, {
    "name" : "V_Input_2b_E",
    "type" : "integer"
  }, {
    "name" : "V_Piktogramm",
    "type" : "integer"
  }, {
    "name" : "V_pagearea_1_a",
    "type" : "integer"
  }, {
    "name" : "V_pagearea_2_a",
    "type" : "integer"
  } ]
}