{
  "runtimeCompatibilityVersion" : "9.9.0",
  "itemName" : "msk_s4_a_1",
  "itemWidth" : 1024,
  "itemHeight" : 768,
  "tasks" : [ "Task01" ],
  "resources" : [ {
    "pathInZip" : "resources\\feedback_b_100.png",
    "size" : 476,
    "type" : "image"
  }, {
    "pathInZip" : "resources\\Tabelle_s4a_1.png",
    "size" : 3623,
    "type" : "image"
  }, {
    "pathInZip" : "resources\\feedback_a_100.png",
    "size" : 614,
    "type" : "image"
  }, {
    "pathInZip" : "resources\\S4A_1_Lieblingsessen.png",
    "size" : 15641,
    "type" : "image"
  } ],
  "externalResources" : [ ],
  "dependencies" : [ ],
  "variables" : [ {
    "name" : "V_Status_1a",
    "type" : "integer"
  }, {
    "name" : "V_Status_1b",
    "type" : "integer"
  }, {
    "name" : "V_pagearea_1_a",
    "type" : "integer"
  }, {
    "name" : "V_pagearea_2_a",
    "type" : "integer"
  } ]
}