{
  "runtimeCompatibilityVersion" : "9.9.0",
  "itemName" : "msk_s1_b_3",
  "itemWidth" : 1024,
  "itemHeight" : 768,
  "tasks" : [ "Task01" ],
  "resources" : [ {
    "pathInZip" : "resources\\S1B_D_2_FlaecheA.png",
    "size" : 12487,
    "type" : "image"
  }, {
    "pathInZip" : "resources\\feedback_hoehe50_a.png",
    "size" : 1146,
    "type" : "image"
  }, {
    "pathInZip" : "resources\\feedback_hoehe50_b.png",
    "size" : 785,
    "type" : "image"
  }, {
    "pathInZip" : "resources\\S1B_D_2_FlaecheB.png",
    "size" : 14781,
    "type" : "image"
  } ],
  "externalResources" : [ ],
  "dependencies" : [ ],
  "variables" : [ {
    "name" : "V_Status_2b",
    "type" : "integer"
  }, {
    "name" : "V_Status_2b_1",
    "type" : "integer"
  }, {
    "name" : "V_Status_2b_2",
    "type" : "integer"
  }, {
    "name" : "V_pagearea_1_a",
    "type" : "integer"
  }, {
    "name" : "V_pagearea_2_a",
    "type" : "integer"
  }, {
    "name" : "V_pagearea_3_a",
    "type" : "integer"
  }, {
    "name" : "V_pagearea_4_a",
    "type" : "integer"
  } ]
}