{
  "runtimeCompatibilityVersion" : "9.9.0",
  "itemName" : "msk_s1_d_1",
  "itemWidth" : 1024,
  "itemHeight" : 768,
  "tasks" : [ "Task01" ],
  "resources" : [ {
    "pathInZip" : "resources\\feedback_b_100.png",
    "size" : 877,
    "type" : "image"
  }, {
    "pathInZip" : "resources\\feedback_a_100.png",
    "size" : 1234,
    "type" : "image"
  } ],
  "externalResources" : [ ],
  "dependencies" : [ ],
  "variables" : [ {
    "name" : "V_Status_1a_1",
    "type" : "integer"
  }, {
    "name" : "V_Status_1b_2",
    "type" : "integer"
  }, {
    "name" : "V_Status_1a_2",
    "type" : "integer"
  }, {
    "name" : "V_Status_1b_3",
    "type" : "integer"
  }, {
    "name" : "V_Status_1b_4",
    "type" : "integer"
  }, {
    "name" : "V_pagearea_1_a",
    "type" : "integer"
  }, {
    "name" : "V_pagearea_2_a",
    "type" : "integer"
  }, {
    "name" : "V_pagearea_3_a",
    "type" : "integer"
  }, {
    "name" : "V_pagearea_4_a",
    "type" : "integer"
  } ]
}