{
  "runtimeCompatibilityVersion" : "9.9.0",
  "itemName" : "msk_n3_a_5",
  "itemWidth" : 1024,
  "itemHeight" : 768,
  "tasks" : [ "Task01" ],
  "resources" : [ {
    "pathInZip" : "resources\\feedback_b_100.png",
    "size" : 750,
    "type" : "image"
  }, {
    "pathInZip" : "resources\\feedback_a_100.png",
    "size" : 1162,
    "type" : "image"
  }, {
    "pathInZip" : "resources\\0_9_a.png",
    "size" : 938,
    "type" : "image"
  }, {
    "pathInZip" : "resources\\0_9_b.png",
    "size" : 581,
    "type" : "image"
  }, {
    "pathInZip" : "resources\\max3_a.png",
    "size" : 1242,
    "type" : "image"
  }, {
    "pathInZip" : "resources\\max3_b.png",
    "size" : 756,
    "type" : "image"
  }, {
    "pathInZip" : "resources\\header..png",
    "size" : 762,
    "type" : "image"
  }, {
    "pathInZip" : "resources\\Abbildung2a.png",
    "size" : 5972,
    "type" : "image"
  } ],
  "externalResources" : [ ],
  "dependencies" : [ ],
  "variables" : [ {
    "name" : "V_Status_2a",
    "type" : "integer"
  }, {
    "name" : "V_Status_5_Diff",
    "type" : "integer"
  }, {
    "name" : "V_pagearea_1_a",
    "type" : "integer"
  }, {
    "name" : "V_pagearea_2_a",
    "type" : "integer"
  } ]
}