{
  "runtimeCompatibilityVersion" : "9.9.0",
  "itemName" : "msk_s1_a_3",
  "itemWidth" : 1024,
  "itemHeight" : 768,
  "tasks" : [ "Task01" ],
  "resources" : [ {
    "pathInZip" : "resources\\feedback_b_100.png",
    "size" : 491,
    "type" : "image"
  }, {
    "pathInZip" : "resources\\feedback_a_100.png",
    "size" : 613,
    "type" : "image"
  }, {
    "pathInZip" : "resources\\S1A_D_2_Lwe_mensch.png",
    "size" : 31573,
    "type" : "image"
  }, {
    "pathInZip" : "resources\\S1A_D_2_Giraffe_Mensch.png",
    "size" : 35132,
    "type" : "image"
  } ],
  "externalResources" : [ ],
  "dependencies" : [ ],
  "variables" : [ {
    "name" : "V_Status_2a_1",
    "type" : "integer"
  }, {
    "name" : "V_Status_2a_2",
    "type" : "integer"
  }, {
    "name" : "V_pagearea_1_a",
    "type" : "integer"
  }, {
    "name" : "V_pagearea_2_a",
    "type" : "integer"
  } ]
}