{
  "runtimeCompatibilityVersion" : "9.9.0",
  "itemName" : "msk_n4_a_2",
  "itemWidth" : 1024,
  "itemHeight" : 768,
  "tasks" : [ "Task01" ],
  "resources" : [ {
    "pathInZip" : "resources\\Piktogramm_blank.png",
    "size" : 123,
    "type" : "image"
  }, {
    "pathInZip" : "resources\\HRU_NZ_N4_A_1b_5.png",
    "size" : 1159,
    "type" : "image"
  }, {
    "pathInZip" : "resources\\HRU_NZ_N4_A_1b_3.png",
    "size" : 1166,
    "type" : "image"
  }, {
    "pathInZip" : "resources\\HRU_NZ_N4_A_1b_2_40x40.png",
    "size" : 639,
    "type" : "image"
  }, {
    "pathInZip" : "resources\\Wuerfel_ziehen_loeschen.webm",
    "size" : 160462,
    "type" : "video"
  }, {
    "pathInZip" : "resources\\HRU_NZ_N4_A_1b_3_40x40.png",
    "size" : 682,
    "type" : "image"
  }, {
    "pathInZip" : "resources\\HRU_NZ_N4_A_1b_4_40x40.png",
    "size" : 742,
    "type" : "image"
  }, {
    "pathInZip" : "resources\\HRU_NZ_N4_A_1b_4.png",
    "size" : 1086,
    "type" : "image"
  }, {
    "pathInZip" : "resources\\HRU_NZ_N4_A_1b_delete_40x40.png",
    "size" : 1253,
    "type" : "image"
  }, {
    "pathInZip" : "resources\\HRU_NZ_N4_A_1b_5_40x40.png",
    "size" : 771,
    "type" : "image"
  }, {
    "pathInZip" : "resources\\HRU_NZ_N4_A_1b_1.png",
    "size" : 1021,
    "type" : "image"
  }, {
    "pathInZip" : "resources\\Piktogramm_Wuerfel_ziehen_loeschen.png",
    "size" : 8497,
    "type" : "image"
  }, {
    "pathInZip" : "resources\\rahmen_2b.png",
    "size" : 7981,
    "type" : "image"
  }, {
    "pathInZip" : "resources\\HRU_NZ_N4_A_1b_2.png",
    "size" : 1093,
    "type" : "image"
  }, {
    "pathInZip" : "resources\\HRU_NZ_N4_A_1b_1_40x40.png",
    "size" : 511,
    "type" : "image"
  }, {
    "pathInZip" : "resources\\HRU_NZ_N4_A_1b_empty.png",
    "size" : 441,
    "type" : "image"
  }, {
    "pathInZip" : "resources\\Wuerfel_ziehen_loeschen.mp4",
    "size" : 109261,
    "type" : "video"
  }, {
    "pathInZip" : "resources\\HRU_NZ_N4_A_1b_6.png",
    "size" : 1098,
    "type" : "image"
  }, {
    "pathInZip" : "resources\\HRU_NZ_N4_A_1b_6_40x40.png",
    "size" : 867,
    "type" : "image"
  } ],
  "externalResources" : [ ],
  "dependencies" : [ ],
  "variables" : [ {
    "name" : "V_Status_1b",
    "type" : "integer"
  }, {
    "name" : "V_1b_source1",
    "type" : "integer"
  }, {
    "name" : "V_1b_source2",
    "type" : "integer"
  }, {
    "name" : "V_1b_source3",
    "type" : "integer"
  }, {
    "name" : "V_1b_source4",
    "type" : "integer"
  }, {
    "name" : "V_1b_source5",
    "type" : "integer"
  }, {
    "name" : "V_1b_source6",
    "type" : "integer"
  }, {
    "name" : "V_1b_target1",
    "type" : "integer"
  }, {
    "name" : "V_1b_target2",
    "type" : "integer"
  }, {
    "name" : "V_1b_target3",
    "type" : "integer"
  }, {
    "name" : "V_1b_target4",
    "type" : "integer"
  }, {
    "name" : "V_1b_target5",
    "type" : "integer"
  }, {
    "name" : "V_1b_target6",
    "type" : "integer"
  }, {
    "name" : "V_1b_target7",
    "type" : "integer"
  }, {
    "name" : "V_1b_target8",
    "type" : "integer"
  }, {
    "name" : "V_1b_target9",
    "type" : "integer"
  }, {
    "name" : "V_1b_target10",
    "type" : "integer"
  }, {
    "name" : "V_1b_delete",
    "type" : "integer"
  }, {
    "name" : "V_1b_target11",
    "type" : "integer"
  }, {
    "name" : "V_1b_target12",
    "type" : "integer"
  }, {
    "name" : "V_1b_Frequency_1",
    "type" : "integer"
  }, {
    "name" : "V_1b_Frequency_2",
    "type" : "integer"
  }, {
    "name" : "V_1b_Frequency_3",
    "type" : "integer"
  }, {
    "name" : "V_1b_Frequency_4",
    "type" : "integer"
  }, {
    "name" : "V_1b_Frequency_5",
    "type" : "integer"
  }, {
    "name" : "V_1b_Frequency_6",
    "type" : "integer"
  }, {
    "name" : "V_Piktogramm",
    "type" : "integer"
  } ]
}