{
  "runtimeCompatibilityVersion" : "9.9.0",
  "itemName" : "msk_s4_b_3",
  "itemWidth" : 1024,
  "itemHeight" : 768,
  "tasks" : [ "Task01" ],
  "resources" : [ {
    "pathInZip" : "resources\\Piktogramm_blank.png",
    "size" : 362,
    "type" : "image"
  }, {
    "pathInZip" : "resources\\S4B_D_3_Beispieldiagramm_Tim.png",
    "size" : 86535,
    "type" : "image"
  } ],
  "externalResources" : [ ],
  "dependencies" : [ ],
  "variables" : [ {
    "name" : "V_Status_3a",
    "type" : "integer"
  } ]
}