{
  "runtimeCompatibilityVersion" : "9.9.0",
  "itemName" : "msk_n2_b_1",
  "itemWidth" : 1024,
  "itemHeight" : 768,
  "tasks" : [ "Task01" ],
  "resources" : [ {
    "pathInZip" : "resources\\max7_a.png",
    "size" : 1148,
    "type" : "image"
  }, {
    "pathInZip" : "resources\\feedback_b_100.png",
    "size" : 750,
    "type" : "image"
  }, {
    "pathInZip" : "resources\\feedback_a_100.png",
    "size" : 1162,
    "type" : "image"
  }, {
    "pathInZip" : "resources\\0_9_a.png",
    "size" : 938,
    "type" : "image"
  }, {
    "pathInZip" : "resources\\0_9_b.png",
    "size" : 581,
    "type" : "image"
  }, {
    "pathInZip" : "resources\\max7_b.png",
    "size" : 739,
    "type" : "image"
  } ],
  "externalResources" : [ {
    "pathInZip" : "external-resources\\msk_n2_b_1.html",
    "size" : 199,
    "type" : "urlTarget"
  } ],
  "dependencies" : [ ],
  "variables" : [ {
    "name" : "V_Status_1a",
    "type" : "integer"
  }, {
    "name" : "V_Input_1a",
    "type" : "integer"
  }, {
    "name" : "V_Status_1b",
    "type" : "integer"
  }, {
    "name" : "V_Input_1b",
    "type" : "integer"
  }, {
    "name" : "V_Status_1c",
    "type" : "integer"
  }, {
    "name" : "V_Input_1c",
    "type" : "integer"
  }, {
    "name" : "V_Status_1d",
    "type" : "integer"
  }, {
    "name" : "V_Input_1d",
    "type" : "integer"
  }, {
    "name" : "V_pagearea_1_a",
    "type" : "integer"
  } ]
}