{"version":"01.00.00","projectName":"msk_s1_d_4","projectPages":[{"pageName":"page1","pageID":"-75e37387:1794c866a8f:-7ffe","eramlModelFile":"page1.cbaml","eramlDiagramFile":"page1.cbaml_diagram","pageType":"SIMPLE","pageTags":["STANDARD_PAGE","X_PAGE"]},{"pageName":"dialog","pageID":"-5a99d1a6:17c6f581ee6:-8000","eramlModelFile":"dialog.cbaml","eramlDiagramFile":"dialog.cbaml_diagram","pageType":"SIMPLE","pageTags":["STANDARD_PAGE","X_PAGE"]},{"pageName":"piktogramm","pageID":"-6b704c83:183ea7f5cbc:-7ff5","eramlModelFile":"piktogramm.cbaml","eramlDiagramFile":"piktogramm.cbaml_diagram","pageType":"SIMPLE","pageTags":["STANDARD_PAGE","X_PAGE"]},{"pageName":"dialog_pagearea_1_correct","pageID":"44b667c4:18ba3f60c9f:-7fd2","eramlModelFile":"dialog_pagearea_1_correct.cbaml","eramlDiagramFile":"dialog_pagearea_1_correct.cbaml_diagram","pageType":"SIMPLE","pageTags":["STANDARD_PAGE","X_PAGE"]},{"pageName":"dialog_pagearea_1_incorrect","pageID":"44b667c4:18ba3f60c9f:-7fd1","eramlModelFile":"dialog_pagearea_1_incorrect.cbaml","eramlDiagramFile":"dialog_pagearea_1_incorrect.cbaml_diagram","pageType":"SIMPLE","pageTags":["STANDARD_PAGE","X_PAGE"]},{"pageName":"dialog_pagearea_2_correct","pageID":"44b667c4:18ba3f60c9f:-7fd0","eramlModelFile":"dialog_pagearea_2_correct.cbaml","eramlDiagramFile":"dialog_pagearea_2_correct.cbaml_diagram","pageType":"SIMPLE","pageTags":["STANDARD_PAGE","X_PAGE"]},{"pageName":"dialog_pagearea_2_incorrect","pageID":"44b667c4:18ba3f60c9f:-7fcf","eramlModelFile":"dialog_pagearea_2_incorrect.cbaml","eramlDiagramFile":"dialog_pagearea_2_incorrect.cbaml_diagram","pageType":"SIMPLE","pageTags":["STANDARD_PAGE","X_PAGE"]}],"resources":[{"path":"C:\\Users\\sgross\\AppData\\Local\\CBA-IB-9.9.0\\IB\\workspace\\Projects\\resources","name":"0_9_a.png"},{"path":"C:\\Users\\sgross\\AppData\\Local\\CBA-IB-9.9.0\\IB\\workspace\\Projects\\resources","name":"0_9_b.png"},{"path":"C:\\Users\\sgross\\AppData\\Local\\CBA-IB-9.9.0\\IB\\workspace\\Projects\\resources","name":"Anklicken_MC.mp4"},{"path":"C:\\Users\\sgross\\AppData\\Local\\CBA-IB-9.9.0\\IB\\workspace\\Projects\\resources","name":"Anklicken_MC.webm"},{"path":"C:\\Users\\sgross\\AppData\\Local\\CBA-IB-9.9.0\\IB\\workspace\\Projects\\resources","name":"a_z_green.PNG"},{"path":"C:\\Users\\sgross\\AppData\\Local\\CBA-IB-9.9.0\\IB\\workspace\\Projects\\resources","name":"a_z_red.PNG"},{"path":"C:\\Users\\sgross\\AppData\\Local\\CBA-IB-9.9.0\\IB\\workspace\\Projects\\resources","name":"feedback_a_100.png"},{"path":"C:\\Users\\sgross\\AppData\\Local\\CBA-IB-9.9.0\\IB\\workspace\\Projects\\resources","name":"feedback_b_100.png"},{"path":"C:\\Users\\sgross\\AppData\\Local\\CBA-IB-9.9.0\\IB\\workspace\\Projects\\resources","name":"Input_A-Z_a.png"},{"path":"C:\\Users\\sgross\\AppData\\Local\\CBA-IB-9.9.0\\IB\\workspace\\Projects\\resources","name":"Input_A-Z_b.png"},{"path":"C:\\Users\\sgross\\AppData\\Local\\CBA-IB-9.9.0\\IB\\workspace\\Projects\\resources","name":"max12_a.png"},{"path":"C:\\Users\\sgross\\AppData\\Local\\CBA-IB-9.9.0\\IB\\workspace\\Projects\\resources","name":"max12_b.png"},{"path":"C:\\Users\\sgross\\AppData\\Local\\CBA-IB-9.9.0\\IB\\workspace\\Projects\\resources","name":"max4_a.png"},{"path":"C:\\Users\\sgross\\AppData\\Local\\CBA-IB-9.9.0\\IB\\workspace\\Projects\\resources","name":"max4_b.png"},{"path":"C:\\Users\\sgross\\AppData\\Local\\CBA-IB-9.9.0\\IB\\workspace\\Projects\\resources","name":"Piktogramm_Anklicken.png"},{"path":"C:\\Users\\sgross\\AppData\\Local\\CBA-IB-9.9.0\\IB\\workspace\\Projects\\resources","name":"rahmen_2b.png"}],"bilingual":false}