{
  "runtimeCompatibilityVersion" : "9.9.0",
  "itemName" : "msk_n4_b_4",
  "itemWidth" : 1024,
  "itemHeight" : 768,
  "tasks" : [ "Task01" ],
  "resources" : [ {
    "pathInZip" : "resources\\Piktogramm_blank.png",
    "size" : 123,
    "type" : "image"
  }, {
    "pathInZip" : "resources\\Anklicken_MC.mp4",
    "size" : 91334,
    "type" : "video"
  }, {
    "pathInZip" : "resources\\Piktogramm_Anklicken.png",
    "size" : 3641,
    "type" : "image"
  }, {
    "pathInZip" : "resources\\rahmen_2b.png",
    "size" : 7981,
    "type" : "image"
  }, {
    "pathInZip" : "resources\\HRU_NZ_N4_B_2.png",
    "size" : 4576,
    "type" : "image"
  }, {
    "pathInZip" : "resources\\Anklicken_MC.webm",
    "size" : 122864,
    "type" : "video"
  } ],
  "externalResources" : [ ],
  "dependencies" : [ ],
  "variables" : [ {
    "name" : "V_Status_2c",
    "type" : "integer"
  }, {
    "name" : "V_Piktogramm",
    "type" : "integer"
  } ]
}