{"version":"01.00.00","projectName":"msk_b4_a_4","projectPages":[{"pageName":"page1","pageID":"-79c90091:17921f7365e:-7ffc","eramlModelFile":"page1.cbaml","eramlDiagramFile":"page1.cbaml_diagram","pageType":"SIMPLE","pageTags":["STANDARD_PAGE","X_PAGE"]},{"pageName":"dialog","pageID":"-1a85271a:17bc65432f2:-8000","eramlModelFile":"dialog.cbaml","eramlDiagramFile":"dialog.cbaml_diagram","pageType":"SIMPLE","pageTags":["STANDARD_PAGE","X_PAGE"]},{"pageName":"piktogramm","pageID":"4ea81ad:183d6f47b26:-7ff1","eramlModelFile":"piktogramm.cbaml","eramlDiagramFile":"piktogramm.cbaml_diagram","pageType":"SIMPLE","pageTags":["STANDARD_PAGE","X_PAGE"]},{"pageName":"dialog_pagearea_1_correct","pageID":"33ba0d3f:18a8d74eed2:-7ffc","eramlModelFile":"dialog_pagearea_1_correct.cbaml","eramlDiagramFile":"dialog_pagearea_1_correct.cbaml_diagram","pageType":"SIMPLE","pageTags":["STANDARD_PAGE","X_PAGE"]},{"pageName":"dialog_pagearea_1_incorrect","pageID":"33ba0d3f:18a8d74eed2:-7ffb","eramlModelFile":"dialog_pagearea_1_incorrect.cbaml","eramlDiagramFile":"dialog_pagearea_1_incorrect.cbaml_diagram","pageType":"SIMPLE","pageTags":["STANDARD_PAGE","X_PAGE"]}],"resources":[{"path":"C:\\Users\\Stefania\\AppData\\Local\\CBA-IB-9.9.0\\IB\\workspace\\Projects\\resources","name":"0_9_a.png"},{"path":"C:\\Users\\Stefania\\AppData\\Local\\CBA-IB-9.9.0\\IB\\workspace\\Projects\\resources","name":"0_9_b.png"},{"path":"C:\\Users\\Stefania\\AppData\\Local\\CBA-IB-9.9.0\\IB\\workspace\\Projects\\resources","name":"Bruch_anklicken.mp4"},{"path":"C:\\Users\\Stefania\\AppData\\Local\\CBA-IB-9.9.0\\IB\\workspace\\Projects\\resources","name":"Bruch_anklicken.webm"},{"path":"C:\\Users\\Stefania\\AppData\\Local\\CBA-IB-9.9.0\\IB\\workspace\\Projects\\resources","name":"feedback_a_100.png"},{"path":"C:\\Users\\Stefania\\AppData\\Local\\CBA-IB-9.9.0\\IB\\workspace\\Projects\\resources","name":"feedback_b_100.png"},{"path":"C:\\Users\\Stefania\\AppData\\Local\\CBA-IB-9.9.0\\IB\\workspace\\Projects\\resources","name":"max2_green_14.png"},{"path":"C:\\Users\\Stefania\\AppData\\Local\\CBA-IB-9.9.0\\IB\\workspace\\Projects\\resources","name":"max2_red_14.png"},{"path":"C:\\Users\\Stefania\\AppData\\Local\\CBA-IB-9.9.0\\IB\\workspace\\Projects\\resources","name":"max3_a.png"},{"path":"C:\\Users\\Stefania\\AppData\\Local\\CBA-IB-9.9.0\\IB\\workspace\\Projects\\resources","name":"max3_b.png"},{"path":"C:\\Users\\Stefania\\AppData\\Local\\CBA-IB-9.9.0\\IB\\workspace\\Projects\\resources","name":"Piktogramm_blank.png"},{"path":"C:\\Users\\Stefania\\AppData\\Local\\CBA-IB-9.9.0\\IB\\workspace\\Projects\\resources","name":"Piktogramm_Rechenzeichen_anklicken.png"},{"path":"C:\\Users\\Stefania\\AppData\\Local\\CBA-IB-9.9.0\\IB\\workspace\\Projects\\resources","name":"rahmen_2b.png"}],"bilingual":false}