{
  "runtimeCompatibilityVersion" : "9.9.0",
  "itemName" : "msk_b4_a_4",
  "itemWidth" : 1024,
  "itemHeight" : 768,
  "tasks" : [ "Task01" ],
  "resources" : [ {
    "pathInZip" : "resources\\Piktogramm_blank.png",
    "size" : 123,
    "type" : "image"
  }, {
    "pathInZip" : "resources\\feedback_b_100.png",
    "size" : 491,
    "type" : "image"
  }, {
    "pathInZip" : "resources\\Bruch_anklicken.mp4",
    "size" : 155682,
    "type" : "video"
  }, {
    "pathInZip" : "resources\\Piktogramm_Rechenzeichen_anklicken.png",
    "size" : 4723,
    "type" : "image"
  }, {
    "pathInZip" : "resources\\Bruch_anklicken.webm",
    "size" : 152040,
    "type" : "video"
  }, {
    "pathInZip" : "resources\\max2_green_14.png",
    "size" : 541,
    "type" : "image"
  }, {
    "pathInZip" : "resources\\feedback_a_100.png",
    "size" : 613,
    "type" : "image"
  }, {
    "pathInZip" : "resources\\0_9_a.png",
    "size" : 428,
    "type" : "image"
  }, {
    "pathInZip" : "resources\\max2_red_14.png",
    "size" : 359,
    "type" : "image"
  }, {
    "pathInZip" : "resources\\0_9_b.png",
    "size" : 345,
    "type" : "image"
  }, {
    "pathInZip" : "resources\\rahmen_2b.png",
    "size" : 7981,
    "type" : "image"
  } ],
  "externalResources" : [ {
    "pathInZip" : "external-resources\\msk_b4_a_2b_2.html",
    "size" : 205,
    "type" : "urlTarget"
  }, {
    "pathInZip" : "external-resources\\msk_b4_a_2b_1.html",
    "size" : 205,
    "type" : "urlTarget"
  }, {
    "pathInZip" : "external-resources\\msk_b4_a_2b_3.html",
    "size" : 205,
    "type" : "urlTarget"
  } ],
  "dependencies" : [ ],
  "variables" : [ {
    "name" : "V_Status_2b_1",
    "type" : "integer"
  }, {
    "name" : "V_Status_2b_2",
    "type" : "integer"
  }, {
    "name" : "V_Status_2b_3",
    "type" : "integer"
  }, {
    "name" : "V_Piktogramm",
    "type" : "integer"
  }, {
    "name" : "V_Status_2b_1_2",
    "type" : "integer"
  }, {
    "name" : "V_Status_2b_2_2",
    "type" : "integer"
  }, {
    "name" : "V_Status_2b_3_2",
    "type" : "integer"
  }, {
    "name" : "V_pagearea_1_a",
    "type" : "integer"
  }, {
    "name" : "V_pagearea_2_a",
    "type" : "integer"
  }, {
    "name" : "V_pagearea_3_a",
    "type" : "integer"
  }, {
    "name" : "V_Input_2b_1_2",
    "type" : "string"
  }, {
    "name" : "V_Input_2b_2_2",
    "type" : "string"
  }, {
    "name" : "V_Input_2b_3_2",
    "type" : "string"
  } ]
}