{
  "runtimeCompatibilityVersion" : "9.9.0",
  "itemName" : "msk_s4_b_4",
  "itemWidth" : 1024,
  "itemHeight" : 768,
  "tasks" : [ "Task01" ],
  "resources" : [ {
    "pathInZip" : "resources\\Piktogramm_blank.png",
    "size" : 362,
    "type" : "image"
  }, {
    "pathInZip" : "resources\\BalkenZiehen.webm",
    "size" : 114874,
    "type" : "video"
  }, {
    "pathInZip" : "resources\\feedback_b_100.png",
    "size" : 750,
    "type" : "image"
  }, {
    "pathInZip" : "resources\\feedback_a_100.png",
    "size" : 1162,
    "type" : "image"
  }, {
    "pathInZip" : "resources\\Piktogramm_Balken_ziehen.png",
    "size" : 10549,
    "type" : "image"
  }, {
    "pathInZip" : "resources\\0_9_a.png",
    "size" : 938,
    "type" : "image"
  }, {
    "pathInZip" : "resources\\0_9_b.png",
    "size" : 581,
    "type" : "image"
  }, {
    "pathInZip" : "resources\\Tabelle_s4_b_4.png",
    "size" : 4089,
    "type" : "image"
  }, {
    "pathInZip" : "resources\\rahmen_2b.png",
    "size" : 19870,
    "type" : "image"
  }, {
    "pathInZip" : "resources\\BalkenZiehen.mp4",
    "size" : 88788,
    "type" : "video"
  }, {
    "pathInZip" : "resources\\max3_a.png",
    "size" : 1242,
    "type" : "image"
  }, {
    "pathInZip" : "resources\\max3_b.png",
    "size" : 756,
    "type" : "image"
  } ],
  "externalResources" : [ {
    "pathInZip" : "external-resources\\msk_s4_b_3b.html",
    "size" : 201,
    "type" : "urlTarget"
  } ],
  "dependencies" : [ ],
  "variables" : [ {
    "name" : "V_Status_3b",
    "type" : "integer"
  }, {
    "name" : "V_Piktogramm",
    "type" : "integer"
  }, {
    "name" : "V_Input_3b_1",
    "type" : "string"
  }, {
    "name" : "V_Input_3b_2",
    "type" : "string"
  }, {
    "name" : "V_Input_3b_3",
    "type" : "integer"
  }, {
    "name" : "V_Input_3b_4",
    "type" : "integer"
  }, {
    "name" : "V_Input_3b_5",
    "type" : "integer"
  }, {
    "name" : "V_Input_3b_6",
    "type" : "integer"
  }, {
    "name" : "V_Input_3b_7",
    "type" : "integer"
  }, {
    "name" : "V_Input_3b_8",
    "type" : "integer"
  }, {
    "name" : "V_Input_3b_9",
    "type" : "string"
  }, {
    "name" : "V_Input_3b_10",
    "type" : "string"
  }, {
    "name" : "V_Input_3b_11",
    "type" : "string"
  }, {
    "name" : "V_Input_3b_12",
    "type" : "string"
  }, {
    "name" : "V_Input_3b_13",
    "type" : "integer"
  }, {
    "name" : "V_Input_3b_14",
    "type" : "integer"
  }, {
    "name" : "V_Input_3b_15",
    "type" : "integer"
  }, {
    "name" : "V_Input_3b_16",
    "type" : "integer"
  }, {
    "name" : "V_Status_3b_S",
    "type" : "integer"
  }, {
    "name" : "V_pagearea_1_a",
    "type" : "integer"
  } ]
}