{
  "runtimeCompatibilityVersion" : "9.9.0",
  "itemName" : "msk_n4_b_auflage2_7",
  "itemWidth" : 1024,
  "itemHeight" : 768,
  "tasks" : [ "Task01" ],
  "resources" : [ {
    "pathInZip" : "resources\\Piktogramm_blank.png",
    "size" : 123,
    "type" : "image"
  }, {
    "pathInZip" : "resources\\Boegen_zeichnen_V01_gek.webm",
    "size" : 186615,
    "type" : "video"
  }, {
    "pathInZip" : "resources\\Piktogramm_Boegen_Zeichnen.png",
    "size" : 8577,
    "type" : "image"
  }, {
    "pathInZip" : "resources\\rahmen_2b.png",
    "size" : 7981,
    "type" : "image"
  }, {
    "pathInZip" : "resources\\Boegen_Zeichnen_V01_gek.mp4",
    "size" : 139348,
    "type" : "video"
  } ],
  "externalResources" : [ {
    "pathInZip" : "external-resources\\msk_n4_b_auflage2_2f.html",
    "size" : 219,
    "type" : "urlTarget"
  } ],
  "dependencies" : [ ],
  "variables" : [ {
    "name" : "V_Status_2f",
    "type" : "integer"
  }, {
    "name" : "V_Score_2f",
    "type" : "integer"
  }, {
    "name" : "V_Piktogramm_1",
    "type" : "integer"
  }, {
    "name" : "V_Piktogramm_2",
    "type" : "integer"
  } ]
}