{
  "runtimeCompatibilityVersion" : "9.9.0",
  "itemName" : "msk_n4_a_auflage2_3",
  "itemWidth" : 1024,
  "itemHeight" : 768,
  "tasks" : [ "Task01" ],
  "resources" : [ {
    "pathInZip" : "resources\\Piktogramm_blank.png",
    "size" : 123,
    "type" : "image"
  }, {
    "pathInZip" : "resources\\n4_image_1_2.png",
    "size" : 4921,
    "type" : "image"
  }, {
    "pathInZip" : "resources\\Anklicken_MC.mp4",
    "size" : 91334,
    "type" : "video"
  }, {
    "pathInZip" : "resources\\n4_image_3_2.png",
    "size" : 5211,
    "type" : "image"
  }, {
    "pathInZip" : "resources\\Piktogramm_Anklicken.png",
    "size" : 3641,
    "type" : "image"
  }, {
    "pathInZip" : "resources\\rahmen_2b.png",
    "size" : 7981,
    "type" : "image"
  }, {
    "pathInZip" : "resources\\n4_image_2_2.png",
    "size" : 2774,
    "type" : "image"
  }, {
    "pathInZip" : "resources\\Anklicken_MC.webm",
    "size" : 122864,
    "type" : "video"
  } ],
  "externalResources" : [ ],
  "dependencies" : [ ],
  "variables" : [ {
    "name" : "V_Status_1c",
    "type" : "integer"
  }, {
    "name" : "V_Piktogramm",
    "type" : "integer"
  } ]
}