{"version":"01.00.00","projectName":"msk_d3_a_3","projectPages":[{"pageName":"page1","pageID":"-766f0d66:17bcbd8350d:-7ffd","eramlModelFile":"page1.cbaml","eramlDiagramFile":"page1.cbaml_diagram","pageType":"SIMPLE","pageTags":["X_PAGE","STANDARD_PAGE"]},{"pageName":"dialog","pageID":"-766f0d66:17bcbd8350d:-7ffe","eramlModelFile":"dialog.cbaml","eramlDiagramFile":"dialog.cbaml_diagram","pageType":"SIMPLE","pageTags":["X_PAGE","STANDARD_PAGE"]},{"pageName":"piktogramm","pageID":"4ea81ad:183d6f47b26:-7fed","eramlModelFile":"piktogramm.cbaml","eramlDiagramFile":"piktogramm.cbaml_diagram","pageType":"SIMPLE","pageTags":["X_PAGE","STANDARD_PAGE"]},{"pageName":"dialog_pagearea_1_correct","pageID":"4d130f3b:18b94d1cec2:-7ffa","eramlModelFile":"dialog_pagearea_1_correct.cbaml","eramlDiagramFile":"dialog_pagearea_1_correct.cbaml_diagram","pageType":"SIMPLE","pageTags":["X_PAGE","STANDARD_PAGE"]},{"pageName":"dialog_pagearea_1_incorrect","pageID":"4d130f3b:18b94d1cec2:-7ff9","eramlModelFile":"dialog_pagearea_1_incorrect.cbaml","eramlDiagramFile":"dialog_pagearea_1_incorrect.cbaml_diagram","pageType":"SIMPLE","pageTags":["X_PAGE","STANDARD_PAGE"]}],"resources":[{"path":"C:\\Users\\Mats\\AppData\\Local\\CBA-IB-9.9.0\\IB\\workspace\\Projects\\resources","name":"0_9_a.png"},{"path":"C:\\Users\\Mats\\AppData\\Local\\CBA-IB-9.9.0\\IB\\workspace\\Projects\\resources","name":"0_9_b.png"},{"path":"C:\\Users\\Mats\\AppData\\Local\\CBA-IB-9.9.0\\IB\\workspace\\Projects\\resources","name":"feedback_a_100.png"},{"path":"C:\\Users\\Mats\\AppData\\Local\\CBA-IB-9.9.0\\IB\\workspace\\Projects\\resources","name":"feedback_b_100.png"},{"path":"C:\\Users\\Mats\\AppData\\Local\\CBA-IB-9.9.0\\IB\\workspace\\Projects\\resources","name":"Kaestchen.mp4"},{"path":"C:\\Users\\Mats\\AppData\\Local\\CBA-IB-9.9.0\\IB\\workspace\\Projects\\resources","name":"Kaestchen.webm"},{"path":"C:\\Users\\Mats\\AppData\\Local\\CBA-IB-9.9.0\\IB\\workspace\\Projects\\resources","name":"max3_a.png"},{"path":"C:\\Users\\Mats\\AppData\\Local\\CBA-IB-9.9.0\\IB\\workspace\\Projects\\resources","name":"max3_b.png"},{"path":"C:\\Users\\Mats\\AppData\\Local\\CBA-IB-9.9.0\\IB\\workspace\\Projects\\resources","name":"max6_a.png"},{"path":"C:\\Users\\Mats\\AppData\\Local\\CBA-IB-9.9.0\\IB\\workspace\\Projects\\resources","name":"max6_b.png"},{"path":"C:\\Users\\Mats\\AppData\\Local\\CBA-IB-9.9.0\\IB\\workspace\\Projects\\resources","name":"Piktogramm_blank.png"},{"path":"C:\\Users\\Mats\\AppData\\Local\\CBA-IB-9.9.0\\IB\\workspace\\Projects\\resources","name":"Piktogramm_Kaestchen.png"},{"path":"C:\\Users\\Mats\\AppData\\Local\\CBA-IB-9.9.0\\IB\\workspace\\Projects\\resources","name":"rahmen_2b.png"}],"bilingual":false}