{
  "runtimeCompatibilityVersion" : "9.9.0",
  "itemName" : "msk_d3_a_2",
  "itemWidth" : 1024,
  "itemHeight" : 768,
  "tasks" : [ "Task01" ],
  "resources" : [ {
    "pathInZip" : "resources\\Piktogramm_blank.png",
    "size" : 123,
    "type" : "image"
  }, {
    "pathInZip" : "resources\\Boegen_Zeichnen_V02.webm",
    "size" : 285788,
    "type" : "video"
  }, {
    "pathInZip" : "resources\\Piktogramm_Boegen_Zeichnen.png",
    "size" : 8577,
    "type" : "image"
  }, {
    "pathInZip" : "resources\\Boegen_Zeichnen_V02.mp4",
    "size" : 284000,
    "type" : "video"
  }, {
    "pathInZip" : "resources\\rahmen_2b.png",
    "size" : 7981,
    "type" : "image"
  } ],
  "externalResources" : [ {
    "pathInZip" : "external-resources\\msk_d3_a_1b_1.html",
    "size" : 205,
    "type" : "urlTarget"
  }, {
    "pathInZip" : "external-resources\\msk_d3_a_1b_2.html",
    "size" : 205,
    "type" : "urlTarget"
  } ],
  "dependencies" : [ ],
  "variables" : [ {
    "name" : "V_Status_1b",
    "type" : "integer"
  }, {
    "name" : "V_Piktogramm",
    "type" : "integer"
  }, {
    "name" : "V_Status_1b_1",
    "type" : "integer"
  }, {
    "name" : "V_Status_1b_2",
    "type" : "integer"
  } ]
}