{
  "runtimeCompatibilityVersion" : "9.9.0",
  "itemName" : "msk_b2_b_3",
  "itemWidth" : 1024,
  "itemHeight" : 768,
  "tasks" : [ "Task01" ],
  "resources" : [ {
    "pathInZip" : "resources\\Piktogramm_blank.png",
    "size" : 123,
    "type" : "image"
  }, {
    "pathInZip" : "resources\\feedback_b_100.png",
    "size" : 491,
    "type" : "image"
  }, {
    "pathInZip" : "resources\\Bruch_anklicken.webm",
    "size" : 152040,
    "type" : "video"
  }, {
    "pathInZip" : "resources\\feedback_a_100.png",
    "size" : 613,
    "type" : "image"
  }, {
    "pathInZip" : "resources\\max3_a.png",
    "size" : 516,
    "type" : "image"
  }, {
    "pathInZip" : "resources\\Piktogramm_Zeichnen_Radieren_Allesloeschen.png",
    "size" : 5747,
    "type" : "image"
  }, {
    "pathInZip" : "resources\\Bruch_anklicken.mp4",
    "size" : 155682,
    "type" : "video"
  }, {
    "pathInZip" : "resources\\Piktogramm_Rechenzeichen_anklicken.png",
    "size" : 4723,
    "type" : "image"
  }, {
    "pathInZip" : "resources\\Zeichnen_Radieren_AllesLoeschen.webm",
    "size" : 153804,
    "type" : "video"
  }, {
    "pathInZip" : "resources\\0_9_a.png",
    "size" : 428,
    "type" : "image"
  }, {
    "pathInZip" : "resources\\Zeichnen_Radieren_AllesLoeschen.mp4",
    "size" : 128090,
    "type" : "video"
  }, {
    "pathInZip" : "resources\\0_9_b.png",
    "size" : 345,
    "type" : "image"
  }, {
    "pathInZip" : "resources\\rahmen_2b.png",
    "size" : 7981,
    "type" : "image"
  }, {
    "pathInZip" : "resources\\max3_b.png",
    "size" : 433,
    "type" : "image"
  } ],
  "externalResources" : [ {
    "pathInZip" : "external-resources\\msk_b2_b_1d.html",
    "size" : 447,
    "type" : "urlTarget"
  } ],
  "dependencies" : [ ],
  "variables" : [ {
    "name" : "V_Status_1d",
    "type" : "integer"
  }, {
    "name" : "V_1d_1_Enumerator1",
    "type" : "integer"
  }, {
    "name" : "V_1d_1_Denominator1",
    "type" : "integer"
  }, {
    "name" : "V_1d_1_Enumerator2",
    "type" : "integer"
  }, {
    "name" : "V_1d_1_Denominator2",
    "type" : "integer"
  }, {
    "name" : "V_1d_1_Sum1",
    "type" : "integer"
  }, {
    "name" : "V_1d_1_Sum2",
    "type" : "integer"
  }, {
    "name" : "V_1d_1_Diff1",
    "type" : "integer"
  }, {
    "name" : "V_1d_1_Diff2",
    "type" : "integer"
  }, {
    "name" : "V_1d_1_Mult1",
    "type" : "integer"
  }, {
    "name" : "V_1d_1_Mult2",
    "type" : "integer"
  }, {
    "name" : "V_1d_1_Answer1",
    "type" : "integer"
  }, {
    "name" : "V_1d_1_Answer2",
    "type" : "integer"
  }, {
    "name" : "V_Status_1d_Ext",
    "type" : "integer"
  }, {
    "name" : "V_Piktogramm",
    "type" : "integer"
  }, {
    "name" : "V_Input_1d",
    "type" : "string"
  }, {
    "name" : "V_Score_1d_1",
    "type" : "integer"
  }, {
    "name" : "V_pagearea_1_a",
    "type" : "integer"
  } ]
}