{
  "runtimeCompatibilityVersion" : "9.9.0",
  "itemName" : "msk_n2_a_3",
  "itemWidth" : 1024,
  "itemHeight" : 768,
  "tasks" : [ "Task01" ],
  "resources" : [ {
    "pathInZip" : "resources\\Piktogramm_blank.png",
    "size" : 123,
    "type" : "image"
  }, {
    "pathInZip" : "resources\\KlickenAufZahl_V02.mp4",
    "size" : 137597,
    "type" : "video"
  }, {
    "pathInZip" : "resources\\Piktogramm_Klicken_auf_Zahl.png",
    "size" : 6928,
    "type" : "image"
  }, {
    "pathInZip" : "resources\\rahmen_2b.png",
    "size" : 7981,
    "type" : "image"
  }, {
    "pathInZip" : "resources\\KlickenAufZahl_V02.webm",
    "size" : 137824,
    "type" : "video"
  } ],
  "externalResources" : [ {
    "pathInZip" : "external-resources\\msk_n2_a_2b.html",
    "size" : 201,
    "type" : "urlTarget"
  } ],
  "dependencies" : [ ],
  "variables" : [ {
    "name" : "V_Status_2b",
    "type" : "integer"
  }, {
    "name" : "V_Status_2c",
    "type" : "integer"
  }, {
    "name" : "V_Score_2b",
    "type" : "integer"
  }, {
    "name" : "V_Piktogramm",
    "type" : "integer"
  }, {
    "name" : "V_Input_2b_1",
    "type" : "integer"
  }, {
    "name" : "V_Input_2b_2",
    "type" : "integer"
  }, {
    "name" : "V_Input_2b_3",
    "type" : "integer"
  }, {
    "name" : "V_Input_2b_4",
    "type" : "integer"
  }, {
    "name" : "V_Input_2b_5",
    "type" : "integer"
  } ]
}