{
  "runtimeCompatibilityVersion" : "9.9.0",
  "itemName" : "msk_b1_b_4",
  "itemWidth" : 1024,
  "itemHeight" : 768,
  "tasks" : [ "Task01" ],
  "resources" : [ {
    "pathInZip" : "resources\\Piktogramm_blank.png",
    "size" : 123,
    "type" : "image"
  }, {
    "pathInZip" : "resources\\feedback_b_100.png",
    "size" : 491,
    "type" : "image"
  }, {
    "pathInZip" : "resources\\Anklicken_zum_Markieren.mp4",
    "size" : 60300,
    "type" : "video"
  }, {
    "pathInZip" : "resources\\feedback_a_100.png",
    "size" : 613,
    "type" : "image"
  }, {
    "pathInZip" : "resources\\rahmen_2b.png",
    "size" : 7981,
    "type" : "image"
  }, {
    "pathInZip" : "resources\\Piktogramm_Anklicken_Markieren.png",
    "size" : 4735,
    "type" : "image"
  }, {
    "pathInZip" : "resources\\Anklicken_zum_Markieren.webm",
    "size" : 77668,
    "type" : "video"
  } ],
  "externalResources" : [ {
    "pathInZip" : "external-resources\\msk_b1_b_1d_top.html",
    "size" : 209,
    "type" : "urlTarget"
  }, {
    "pathInZip" : "external-resources\\msk_b1_b_1d_bottom.html",
    "size" : 215,
    "type" : "urlTarget"
  } ],
  "dependencies" : [ ],
  "variables" : [ {
    "name" : "V_Status_1d_1",
    "type" : "integer"
  }, {
    "name" : "V_Status_1d_2",
    "type" : "integer"
  }, {
    "name" : "V_Piktogramm",
    "type" : "integer"
  }, {
    "name" : "V_Status_1d_1_bar",
    "type" : "integer"
  }, {
    "name" : "V_Status_1d_2_bar",
    "type" : "integer"
  }, {
    "name" : "V_Input_1d_1",
    "type" : "integer"
  }, {
    "name" : "V_Input_1d_2",
    "type" : "integer"
  }, {
    "name" : "V_pagearea_1_a",
    "type" : "integer"
  }, {
    "name" : "V_pagearea_2_a",
    "type" : "integer"
  } ]
}