{"version":"01.00.00","projectName":"msk_s1_c_3","projectPages":[{"pageName":"page1","pageID":"-75e37387:1794c866a8f:-7ffe","eramlModelFile":"page1.cbaml","eramlDiagramFile":"page1.cbaml_diagram","pageType":"SIMPLE","pageTags":["STANDARD_PAGE","X_PAGE"]},{"pageName":"dialog","pageID":"376dbb16:17baabac70a:-7ffe","eramlModelFile":"dialog.cbaml","eramlDiagramFile":"dialog.cbaml_diagram","pageType":"SIMPLE","pageTags":["STANDARD_PAGE","X_PAGE"]},{"pageName":"piktogramm1","pageID":"-6b704c83:183ea7f5cbc:-7ffa","eramlModelFile":"piktogramm1.cbaml","eramlDiagramFile":"piktogramm1.cbaml_diagram","pageType":"SIMPLE","pageTags":["STANDARD_PAGE","X_PAGE"]},{"pageName":"piktogramm2","pageID":"-6b704c83:183ea7f5cbc:-7ff9","eramlModelFile":"piktogramm2.cbaml","eramlDiagramFile":"piktogramm2.cbaml_diagram","pageType":"SIMPLE","pageTags":["STANDARD_PAGE","X_PAGE"]}],"resources":[{"path":"C:\\Users\\Stefania\\AppData\\Local\\CBA-IB-9.9.0\\IB\\workspace\\Projects\\resources","name":"Anklicken_SC.mp4"},{"path":"C:\\Users\\Stefania\\AppData\\Local\\CBA-IB-9.9.0\\IB\\workspace\\Projects\\resources","name":"Anklicken_SC.webm"},{"path":"C:\\Users\\Stefania\\AppData\\Local\\CBA-IB-9.9.0\\IB\\workspace\\Projects\\resources","name":"Piktogramm_Anklicken.png"},{"path":"C:\\Users\\Stefania\\AppData\\Local\\CBA-IB-9.9.0\\IB\\workspace\\Projects\\resources","name":"Piktogramm_blank.png"},{"path":"C:\\Users\\Stefania\\AppData\\Local\\CBA-IB-9.9.0\\IB\\workspace\\Projects\\resources","name":"Piktogramm_Rechenzeichen_anklicken.png"},{"path":"C:\\Users\\Stefania\\AppData\\Local\\CBA-IB-9.9.0\\IB\\workspace\\Projects\\resources","name":"rahmen_2b.png"},{"path":"C:\\Users\\Stefania\\AppData\\Local\\CBA-IB-9.9.0\\IB\\workspace\\Projects\\resources","name":"Rechenzeichen_anklicken.mp4"},{"path":"C:\\Users\\Stefania\\AppData\\Local\\CBA-IB-9.9.0\\IB\\workspace\\Projects\\resources","name":"Rechenzeichen_anklicken.webm"},{"path":"C:\\Users\\Stefania\\AppData\\Local\\CBA-IB-9.9.0\\IB\\workspace\\Projects\\resources","name":"s1_c_3.png"}],"bilingual":false}