{
  "runtimeCompatibilityVersion" : "9.9.0",
  "itemName" : "msk_b1_a_8",
  "itemWidth" : 1024,
  "itemHeight" : 768,
  "tasks" : [ "Task01" ],
  "resources" : [ {
    "pathInZip" : "resources\\Piktogramm_blank.png",
    "size" : 123,
    "type" : "image"
  }, {
    "pathInZip" : "resources\\Piktogramm_Teil_waehlen_Anklicken.png",
    "size" : 6401,
    "type" : "image"
  }, {
    "pathInZip" : "resources\\TeilWaehlenAnklicken.webm",
    "size" : 85966,
    "type" : "video"
  }, {
    "pathInZip" : "resources\\Piktogramm_Unterteilung_zeichnen.png",
    "size" : 7575,
    "type" : "image"
  }, {
    "pathInZip" : "resources\\rahmen_2b.png",
    "size" : 7981,
    "type" : "image"
  }, {
    "pathInZip" : "resources\\UnterteilungZeichnen.mp4",
    "size" : 783976,
    "type" : "video"
  }, {
    "pathInZip" : "resources\\TeilWaehlenAnklicken.mp4",
    "size" : 66795,
    "type" : "video"
  }, {
    "pathInZip" : "resources\\UnterteilungZeichnen.webm",
    "size" : 781909,
    "type" : "video"
  } ],
  "externalResources" : [ {
    "pathInZip" : "external-resources\\msk_b1_a_2d_left.html",
    "size" : 211,
    "type" : "urlTarget"
  }, {
    "pathInZip" : "external-resources\\msk_b1_a_2d_right.html",
    "size" : 213,
    "type" : "urlTarget"
  } ],
  "dependencies" : [ ],
  "variables" : [ {
    "name" : "V_Status_2d_1",
    "type" : "integer"
  }, {
    "name" : "V_Status_2d_2",
    "type" : "integer"
  }, {
    "name" : "V_Input_2d_1",
    "type" : "integer"
  }, {
    "name" : "V_Piktogramm_1",
    "type" : "integer"
  }, {
    "name" : "V_Piktogramm_2",
    "type" : "integer"
  } ]
}