{
  "runtimeCompatibilityVersion" : "9.9.0",
  "itemName" : "msk_n3_a_6",
  "itemWidth" : 1024,
  "itemHeight" : 768,
  "tasks" : [ "Task01" ],
  "resources" : [ {
    "pathInZip" : "resources\\feedback_b_100.png",
    "size" : 491,
    "type" : "image"
  }, {
    "pathInZip" : "resources\\feedback_a_100.png",
    "size" : 613,
    "type" : "image"
  }, {
    "pathInZip" : "resources\\0_9_a.png",
    "size" : 428,
    "type" : "image"
  }, {
    "pathInZip" : "resources\\0_9_b.png",
    "size" : 345,
    "type" : "image"
  }, {
    "pathInZip" : "resources\\max3_a.png",
    "size" : 516,
    "type" : "image"
  }, {
    "pathInZip" : "resources\\max3_b.png",
    "size" : 433,
    "type" : "image"
  }, {
    "pathInZip" : "resources\\Abbildung2b.png",
    "size" : 2259,
    "type" : "image"
  }, {
    "pathInZip" : "resources\\header..png",
    "size" : 135,
    "type" : "image"
  } ],
  "externalResources" : [ ],
  "dependencies" : [ ],
  "variables" : [ {
    "name" : "V_Status_2b",
    "type" : "integer"
  }, {
    "name" : "V_pagearea_1_a",
    "type" : "integer"
  }, {
    "name" : "V_pagearea_2_a",
    "type" : "integer"
  } ]
}