{
  "runtimeCompatibilityVersion" : "9.9.0",
  "itemName" : "msk_b3_b_1",
  "itemWidth" : 1024,
  "itemHeight" : 768,
  "tasks" : [ "Task01" ],
  "resources" : [ {
    "pathInZip" : "resources\\Piktogramm_blank.png",
    "size" : 123,
    "type" : "image"
  }, {
    "pathInZip" : "resources\\Bruch_anklicken.mp4",
    "size" : 155682,
    "type" : "video"
  }, {
    "pathInZip" : "resources\\Piktogramm_Rechenzeichen_anklicken.png",
    "size" : 4723,
    "type" : "image"
  }, {
    "pathInZip" : "resources\\Anklicken_SC.webm",
    "size" : 121882,
    "type" : "video"
  }, {
    "pathInZip" : "resources\\Anklicken_SC.mp4",
    "size" : 90768,
    "type" : "video"
  }, {
    "pathInZip" : "resources\\Bruch_anklicken.webm",
    "size" : 152040,
    "type" : "video"
  }, {
    "pathInZip" : "resources\\Piktogramm_Anklicken.png",
    "size" : 3641,
    "type" : "image"
  }, {
    "pathInZip" : "resources\\rahmen_2b.png",
    "size" : 7981,
    "type" : "image"
  } ],
  "externalResources" : [ {
    "pathInZip" : "external-resources\\msk_b3_b_1a.html",
    "size" : 201,
    "type" : "urlTarget"
  } ],
  "dependencies" : [ ],
  "variables" : [ {
    "name" : "V_Status_1a",
    "type" : "integer"
  }, {
    "name" : "V_Piktogramm",
    "type" : "integer"
  }, {
    "name" : "V_Status_1a_1",
    "type" : "integer"
  }, {
    "name" : "V_Status_1a_final",
    "type" : "integer"
  }, {
    "name" : "V_Input_1a_2",
    "type" : "string"
  } ]
}