{"version":"01.00.00","projectName":"msk_n6_b_4","projectPages":[{"pageName":"page1","pageID":"-75e37387:1794c866a8f:-7ffe","eramlModelFile":"page1.cbaml","eramlDiagramFile":"page1.cbaml_diagram","pageType":"SIMPLE","pageTags":["STANDARD_PAGE","X_PAGE"]},{"pageName":"dialog","pageID":"376dbb16:17baabac70a:-7ffe","eramlModelFile":"dialog.cbaml","eramlDiagramFile":"dialog.cbaml_diagram","pageType":"SIMPLE","pageTags":["STANDARD_PAGE","X_PAGE"]},{"pageName":"piktogramm1","pageID":"5ce07b5b:188fce9d099:-7fff","eramlModelFile":"piktogramm1.cbaml","eramlDiagramFile":"piktogramm1.cbaml_diagram","pageType":"SIMPLE","pageTags":["STANDARD_PAGE","X_PAGE"]},{"pageName":"piktogramm2","pageID":"5ce07b5b:188fce9d099:-7ffe","eramlModelFile":"piktogramm2.cbaml","eramlDiagramFile":"piktogramm2.cbaml_diagram","pageType":"SIMPLE","pageTags":["STANDARD_PAGE","X_PAGE"]},{"pageName":"piktogramm3","pageID":"5ce07b5b:188fce9d099:-7ffd","eramlModelFile":"piktogramm3.cbaml","eramlDiagramFile":"piktogramm3.cbaml_diagram","pageType":"SIMPLE","pageTags":["STANDARD_PAGE","X_PAGE"]},{"pageName":"piktogramm4","pageID":"513f211d:1840e58a000:-7ff8","eramlModelFile":"piktogramm4.cbaml","eramlDiagramFile":"piktogramm4.cbaml_diagram","pageType":"SIMPLE","pageTags":["STANDARD_PAGE","X_PAGE"]},{"pageName":"dialog_pagearea_1_correct","pageID":"57e70a5f:186da246a9e:-7fbe","eramlModelFile":"dialog_pagearea_1_correct.cbaml","eramlDiagramFile":"dialog_pagearea_1_correct.cbaml_diagram","pageType":"SIMPLE","pageTags":["STANDARD_PAGE","X_PAGE"]},{"pageName":"dialog_pagearea_1_incorrect","pageID":"57e70a5f:186da246a9e:-7fbd","eramlModelFile":"dialog_pagearea_1_incorrect.cbaml","eramlDiagramFile":"dialog_pagearea_1_incorrect.cbaml_diagram","pageType":"SIMPLE","pageTags":["STANDARD_PAGE","X_PAGE"]}],"resources":[{"path":"C:\\Users\\sgross\\AppData\\Local\\CBA-IB-9.9.0\\IB\\workspace\\Projects\\resources","name":"0_9_a.png"},{"path":"C:\\Users\\sgross\\AppData\\Local\\CBA-IB-9.9.0\\IB\\workspace\\Projects\\resources","name":"0_9_b.png"},{"path":"C:\\Users\\sgross\\AppData\\Local\\CBA-IB-9.9.0\\IB\\workspace\\Projects\\resources","name":"feedback_a_100_h50_n6a.png"},{"path":"C:\\Users\\sgross\\AppData\\Local\\CBA-IB-9.9.0\\IB\\workspace\\Projects\\resources","name":"feedback_b_100_h50_n6a.png"},{"path":"C:\\Users\\sgross\\AppData\\Local\\CBA-IB-9.9.0\\IB\\workspace\\Projects\\resources","name":"max4_a.png"},{"path":"C:\\Users\\sgross\\AppData\\Local\\CBA-IB-9.9.0\\IB\\workspace\\Projects\\resources","name":"max4_b.png"},{"path":"C:\\Users\\sgross\\AppData\\Local\\CBA-IB-9.9.0\\IB\\workspace\\Projects\\resources","name":"Piktogramm_blank.png"},{"path":"C:\\Users\\sgross\\AppData\\Local\\CBA-IB-9.9.0\\IB\\workspace\\Projects\\resources","name":"Piktogramm_EingabeAuswaehlen.png"},{"path":"C:\\Users\\sgross\\AppData\\Local\\CBA-IB-9.9.0\\IB\\workspace\\Projects\\resources","name":"Piktogramm_Kaestchen_Zeichnen_1.png"},{"path":"C:\\Users\\sgross\\AppData\\Local\\CBA-IB-9.9.0\\IB\\workspace\\Projects\\resources","name":"Piktogramm_Rechenzeichen_anklicken.png"},{"path":"C:\\Users\\sgross\\AppData\\Local\\CBA-IB-9.9.0\\IB\\workspace\\Projects\\resources","name":"Piktogramm_UebertragStift.png"},{"path":"C:\\Users\\sgross\\AppData\\Local\\CBA-IB-9.9.0\\IB\\workspace\\Projects\\resources","name":"rahmen_2b.png"},{"path":"C:\\Users\\sgross\\AppData\\Local\\CBA-IB-9.9.0\\IB\\workspace\\Projects\\resources","name":"Rechenzeichen_anklicken.mp4"},{"path":"C:\\Users\\sgross\\AppData\\Local\\CBA-IB-9.9.0\\IB\\workspace\\Projects\\resources","name":"Rechenzeichen_anklicken.webm"},{"path":"C:\\Users\\sgross\\AppData\\Local\\CBA-IB-9.9.0\\IB\\workspace\\Projects\\resources","name":"Uebertrag_EingabeAuswaehlen.mp4"},{"path":"C:\\Users\\sgross\\AppData\\Local\\CBA-IB-9.9.0\\IB\\workspace\\Projects\\resources","name":"Uebertrag_EingabeAuswaehlen.webm"},{"path":"C:\\Users\\sgross\\AppData\\Local\\CBA-IB-9.9.0\\IB\\workspace\\Projects\\resources","name":"Uebertrag_Stift.mp4"},{"path":"C:\\Users\\sgross\\AppData\\Local\\CBA-IB-9.9.0\\IB\\workspace\\Projects\\resources","name":"Uebertrag_Stift.webm"},{"path":"C:\\Users\\sgross\\AppData\\Local\\CBA-IB-9.9.0\\IB\\workspace\\Projects\\resources","name":"Uebertrag_Tippen.mp4"},{"path":"C:\\Users\\sgross\\AppData\\Local\\CBA-IB-9.9.0\\IB\\workspace\\Projects\\resources","name":"Uebertrag_Tippen.webm"}],"bilingual":false}