{
  "runtimeCompatibilityVersion" : "9.9.0",
  "itemName" : "msk_d4_a_3",
  "itemWidth" : 1024,
  "itemHeight" : 768,
  "tasks" : [ "Task01" ],
  "resources" : [ {
    "pathInZip" : "resources\\Piktogramm_blank.png",
    "size" : 123,
    "type" : "image"
  }, {
    "pathInZip" : "resources\\Piktogramm_Kaestchen.png",
    "size" : 6129,
    "type" : "image"
  }, {
    "pathInZip" : "resources\\Kaestchen.mp4",
    "size" : 132522,
    "type" : "video"
  }, {
    "pathInZip" : "resources\\rahmen_2b.png",
    "size" : 7981,
    "type" : "image"
  }, {
    "pathInZip" : "resources\\Kaestchen.webm",
    "size" : 169022,
    "type" : "video"
  } ],
  "externalResources" : [ {
    "pathInZip" : "external-resources\\msk_d4_a_2b_top.html",
    "size" : 209,
    "type" : "urlTarget"
  }, {
    "pathInZip" : "external-resources\\msk_d4_a_2b_bottom.html",
    "size" : 215,
    "type" : "urlTarget"
  } ],
  "dependencies" : [ ],
  "variables" : [ {
    "name" : "V_Status_2b_1",
    "type" : "integer"
  }, {
    "name" : "V_Piktogramm",
    "type" : "integer"
  }, {
    "name" : "V_Status_2b_2",
    "type" : "integer"
  } ]
}