{
  "runtimeCompatibilityVersion" : "9.9.0",
  "itemName" : "msk_s2_a_1",
  "itemWidth" : 1024,
  "itemHeight" : 768,
  "tasks" : [ "Task01" ],
  "resources" : [ {
    "pathInZip" : "resources\\max4_b.png",
    "size" : 747,
    "type" : "image"
  }, {
    "pathInZip" : "resources\\max4_a.png",
    "size" : 1132,
    "type" : "image"
  }, {
    "pathInZip" : "resources\\Tabelle_s2_a_1.png",
    "size" : 7421,
    "type" : "image"
  }, {
    "pathInZip" : "resources\\0_9_a.png",
    "size" : 938,
    "type" : "image"
  }, {
    "pathInZip" : "resources\\feedback_hoehe50_a.png",
    "size" : 1146,
    "type" : "image"
  }, {
    "pathInZip" : "resources\\0_9_b.png",
    "size" : 581,
    "type" : "image"
  }, {
    "pathInZip" : "resources\\feedback_hoehe50_b.png",
    "size" : 785,
    "type" : "image"
  } ],
  "externalResources" : [ ],
  "dependencies" : [ ],
  "variables" : [ {
    "name" : "V_Status_1_1",
    "type" : "integer"
  }, {
    "name" : "V_Status_1_2",
    "type" : "integer"
  }, {
    "name" : "V_Status_1_3",
    "type" : "integer"
  }, {
    "name" : "V_Status_1_4",
    "type" : "integer"
  }, {
    "name" : "V_pagearea_1_a",
    "type" : "integer"
  }, {
    "name" : "V_pagearea_2_a",
    "type" : "integer"
  }, {
    "name" : "V_pagearea_3_a",
    "type" : "integer"
  }, {
    "name" : "V_pagearea_4_a",
    "type" : "integer"
  }, {
    "name" : "V_pagearea_5_a",
    "type" : "integer"
  }, {
    "name" : "V_pagearea_6_a",
    "type" : "integer"
  }, {
    "name" : "V_pagearea_7_a",
    "type" : "integer"
  }, {
    "name" : "V_pagearea_8_a",
    "type" : "integer"
  }, {
    "name" : "V_pagearea_9_a",
    "type" : "integer"
  }, {
    "name" : "V_pagearea_10_a",
    "type" : "integer"
  }, {
    "name" : "V_pagearea_11_a",
    "type" : "integer"
  }, {
    "name" : "V_pagearea_12_a",
    "type" : "integer"
  } ]
}