{"version":"01.00.00","projectName":"msk_n8_a_1","projectPages":[{"pageName":"page1","pageID":"-75e37387:1794c866a8f:-7ffe","eramlModelFile":"page1.cbaml","eramlDiagramFile":"page1.cbaml_diagram","pageType":"SIMPLE","pageTags":["STANDARD_PAGE","X_PAGE"]},{"pageName":"dialog","pageID":"-17ef5165:17cc11e757d:-8000","eramlModelFile":"dialog.cbaml","eramlDiagramFile":"dialog.cbaml_diagram","pageType":"SIMPLE","pageTags":["STANDARD_PAGE","X_PAGE"]},{"pageName":"piktogramm1","pageID":"-339b35e7:1876f37d685:-7fe9","eramlModelFile":"piktogramm1.cbaml","eramlDiagramFile":"piktogramm1.cbaml_diagram","pageType":"SIMPLE","pageTags":["STANDARD_PAGE","X_PAGE"]},{"pageName":"piktogramm2","pageID":"-339b35e7:1876f37d685:-7fe8","eramlModelFile":"piktogramm2.cbaml","eramlDiagramFile":"piktogramm2.cbaml_diagram","pageType":"SIMPLE","pageTags":["STANDARD_PAGE","X_PAGE"]},{"pageName":"piktogramm3","pageID":"-339b35e7:1876f37d685:-7fe7","eramlModelFile":"piktogramm3.cbaml","eramlDiagramFile":"piktogramm3.cbaml_diagram","pageType":"SIMPLE","pageTags":["STANDARD_PAGE","X_PAGE"]},{"pageName":"dialog_pagearea_1_correct","pageID":"-1a697ddf:18af4f944c6:-7ffe","eramlModelFile":"dialog_pagearea_1_correct.cbaml","eramlDiagramFile":"dialog_pagearea_1_correct.cbaml_diagram","pageType":"SIMPLE","pageTags":["STANDARD_PAGE","X_PAGE"]},{"pageName":"dialog_pagearea_1_incorrect","pageID":"25ab0f47:18ab7857e61:-7ff2","eramlModelFile":"dialog_pagearea_1_incorrect.cbaml","eramlDiagramFile":"dialog_pagearea_1_incorrect.cbaml_diagram","pageType":"SIMPLE","pageTags":["STANDARD_PAGE","X_PAGE"]}],"resources":[{"path":"C:\\Users\\roeper\\AppData\\Local\\CBA-IB-9.9.0\\IB\\workspace\\Projects\\resources","name":"0_9_a.png"},{"path":"C:\\Users\\roeper\\AppData\\Local\\CBA-IB-9.9.0\\IB\\workspace\\Projects\\resources","name":"0_9_b.png"},{"path":"C:\\Users\\roeper\\AppData\\Local\\CBA-IB-9.9.0\\IB\\workspace\\Projects\\resources","name":"feedback_a_100.png"},{"path":"C:\\Users\\roeper\\AppData\\Local\\CBA-IB-9.9.0\\IB\\workspace\\Projects\\resources","name":"feedback_b_100.png"},{"path":"C:\\Users\\roeper\\AppData\\Local\\CBA-IB-9.9.0\\IB\\workspace\\Projects\\resources","name":"max8_a.png"},{"path":"C:\\Users\\roeper\\AppData\\Local\\CBA-IB-9.9.0\\IB\\workspace\\Projects\\resources","name":"max8_b.png"},{"path":"C:\\Users\\roeper\\AppData\\Local\\CBA-IB-9.9.0\\IB\\workspace\\Projects\\resources","name":"Piktogramm_EingabeAuswaehlen.png"},{"path":"C:\\Users\\roeper\\AppData\\Local\\CBA-IB-9.9.0\\IB\\workspace\\Projects\\resources","name":"Piktogramm_Kaestchen_Zeichnen_1.png"},{"path":"C:\\Users\\roeper\\AppData\\Local\\CBA-IB-9.9.0\\IB\\workspace\\Projects\\resources","name":"Piktogramm_UebertragStift.png"},{"path":"C:\\Users\\roeper\\AppData\\Local\\CBA-IB-9.9.0\\IB\\workspace\\Projects\\resources","name":"rahmen_2b.png"},{"path":"C:\\Users\\roeper\\AppData\\Local\\CBA-IB-9.9.0\\IB\\workspace\\Projects\\resources","name":"Uebertrag_EingabeAuswaehlen.mp4"},{"path":"C:\\Users\\roeper\\AppData\\Local\\CBA-IB-9.9.0\\IB\\workspace\\Projects\\resources","name":"Uebertrag_EingabeAuswaehlen.webm"},{"path":"C:\\Users\\roeper\\AppData\\Local\\CBA-IB-9.9.0\\IB\\workspace\\Projects\\resources","name":"Uebertrag_Stift.mp4"},{"path":"C:\\Users\\roeper\\AppData\\Local\\CBA-IB-9.9.0\\IB\\workspace\\Projects\\resources","name":"Uebertrag_Stift.webm"},{"path":"C:\\Users\\roeper\\AppData\\Local\\CBA-IB-9.9.0\\IB\\workspace\\Projects\\resources","name":"Uebertrag_Tippen.mp4"},{"path":"C:\\Users\\roeper\\AppData\\Local\\CBA-IB-9.9.0\\IB\\workspace\\Projects\\resources","name":"Uebertrag_Tippen.webm"}],"bilingual":false}