{"version":"01.00.00","projectName":"msk_n1_b_1","projectPages":[{"pageName":"page1","pageID":"42ad61c8:178bb53b92d:-8000","eramlModelFile":"page1.cbaml","eramlDiagramFile":"page1.cbaml_diagram","pageType":"SIMPLE","pageTags":["STANDARD_PAGE"]},{"pageName":"dialog","pageID":"-560b4b21:17ad3a5d1be:-7fff","eramlModelFile":"dialog.cbaml","eramlDiagramFile":"dialog.cbaml_diagram","pageType":"SIMPLE","pageTags":["X_PAGE","STANDARD_PAGE"]},{"pageName":"dialog_pagearea_1_correct","pageID":"-79507515:186306796f3:-7fec","eramlModelFile":"dialog_pagearea_1_correct.cbaml","eramlDiagramFile":"dialog_pagearea_1_correct.cbaml_diagram","pageType":"SIMPLE","pageTags":["X_PAGE","STANDARD_PAGE"]},{"pageName":"dialog_pagearea_1_incorrect","pageID":"-79507515:186306796f3:-7feb","eramlModelFile":"dialog_pagearea_1_incorrect.cbaml","eramlDiagramFile":"dialog_pagearea_1_incorrect.cbaml_diagram","pageType":"SIMPLE","pageTags":["X_PAGE","STANDARD_PAGE"]},{"pageName":"dialog_pagearea_3_correct","pageID":"-79507515:186306796f3:-7fea","eramlModelFile":"dialog_pagearea_3_correct.cbaml","eramlDiagramFile":"dialog_pagearea_3_correct.cbaml_diagram","pageType":"SIMPLE","pageTags":["X_PAGE","STANDARD_PAGE"]},{"pageName":"dialog_pagearea_3_incorrect","pageID":"-79507515:186306796f3:-7fe9","eramlModelFile":"dialog_pagearea_3_incorrect.cbaml","eramlDiagramFile":"dialog_pagearea_3_incorrect.cbaml_diagram","pageType":"SIMPLE","pageTags":["X_PAGE","STANDARD_PAGE"]}],"resources":[{"path":"C:\\Users\\Mats\\AppData\\Local\\CBA-IB-9.9.0\\IB\\workspace\\Projects\\resources","name":"0_9_a.png"},{"path":"C:\\Users\\Mats\\AppData\\Local\\CBA-IB-9.9.0\\IB\\workspace\\Projects\\resources","name":"0_9_b.png"},{"path":"C:\\Users\\Mats\\AppData\\Local\\CBA-IB-9.9.0\\IB\\workspace\\Projects\\resources","name":"feedback_a_100.png"},{"path":"C:\\Users\\Mats\\AppData\\Local\\CBA-IB-9.9.0\\IB\\workspace\\Projects\\resources","name":"feedback_b_100.png"},{"path":"C:\\Users\\Mats\\AppData\\Local\\CBA-IB-9.9.0\\IB\\workspace\\Projects\\resources","name":"max6_green_14.png"},{"path":"C:\\Users\\Mats\\AppData\\Local\\CBA-IB-9.9.0\\IB\\workspace\\Projects\\resources","name":"max6_red_14.png"},{"path":"C:\\Users\\Mats\\AppData\\Local\\CBA-IB-9.9.0\\IB\\workspace\\Projects\\resources","name":"max8_a.png"},{"path":"C:\\Users\\Mats\\AppData\\Local\\CBA-IB-9.9.0\\IB\\workspace\\Projects\\resources","name":"max8_b.png"}],"bilingual":false}