{
  "runtimeCompatibilityVersion" : "9.9.0",
  "itemName" : "msk_n1_b_1",
  "itemWidth" : 1024,
  "itemHeight" : 768,
  "tasks" : [ "Task01" ],
  "resources" : [ {
    "pathInZip" : "resources\\max6_green_14.png",
    "size" : 978,
    "type" : "image"
  }, {
    "pathInZip" : "resources\\feedback_b_100.png",
    "size" : 750,
    "type" : "image"
  }, {
    "pathInZip" : "resources\\feedback_a_100.png",
    "size" : 1162,
    "type" : "image"
  }, {
    "pathInZip" : "resources\\0_9_a.png",
    "size" : 938,
    "type" : "image"
  }, {
    "pathInZip" : "resources\\max8_a.png",
    "size" : 1214,
    "type" : "image"
  }, {
    "pathInZip" : "resources\\0_9_b.png",
    "size" : 581,
    "type" : "image"
  }, {
    "pathInZip" : "resources\\max8_b.png",
    "size" : 745,
    "type" : "image"
  }, {
    "pathInZip" : "resources\\max6_red_14.png",
    "size" : 538,
    "type" : "image"
  } ],
  "externalResources" : [ {
    "pathInZip" : "external-resources\\msk_n1_b_1a_3.html",
    "size" : 205,
    "type" : "urlTarget"
  }, {
    "pathInZip" : "external-resources\\msk_n1_b_1a_1.html",
    "size" : 205,
    "type" : "urlTarget"
  }, {
    "pathInZip" : "external-resources\\msk_n1_b_1a_2.html",
    "size" : 205,
    "type" : "urlTarget"
  } ],
  "dependencies" : [ ],
  "variables" : [ {
    "name" : "V_Status_1a",
    "type" : "integer"
  }, {
    "name" : "V_pagearea_1_a",
    "type" : "integer"
  }, {
    "name" : "V_pagearea_2_a",
    "type" : "integer"
  }, {
    "name" : "V_pagearea_3_a",
    "type" : "integer"
  } ]
}