{
  "runtimeCompatibilityVersion" : "9.9.0",
  "itemName" : "msk_d1_a_1",
  "itemWidth" : 1024,
  "itemHeight" : 768,
  "tasks" : [ "Task01" ],
  "resources" : [ {
    "pathInZip" : "resources\\Piktogramm_blank.png",
    "size" : 123,
    "type" : "image"
  }, {
    "pathInZip" : "resources\\KlickenAufZahl_V03.mp4",
    "size" : 160324,
    "type" : "video"
  }, {
    "pathInZip" : "resources\\Piktogramm_Klicken_auf_Zahl.png",
    "size" : 6928,
    "type" : "image"
  }, {
    "pathInZip" : "resources\\rahmen_2b.png",
    "size" : 7981,
    "type" : "image"
  }, {
    "pathInZip" : "resources\\KlickenAufZahl_V03.webm",
    "size" : 168480,
    "type" : "video"
  } ],
  "externalResources" : [ {
    "pathInZip" : "external-resources\\msk_d1_a_1a.html",
    "size" : 201,
    "type" : "urlTarget"
  }, {
    "pathInZip" : "external-resources\\msk_d1_a_1b.html",
    "size" : 201,
    "type" : "urlTarget"
  } ],
  "dependencies" : [ ],
  "variables" : [ {
    "name" : "V_Status_1a",
    "type" : "integer"
  }, {
    "name" : "V_Status_1b",
    "type" : "integer"
  }, {
    "name" : "V_Status_1a_1",
    "type" : "integer"
  }, {
    "name" : "V_Status_1a_2",
    "type" : "integer"
  }, {
    "name" : "V_Status_1a_3",
    "type" : "integer"
  }, {
    "name" : "V_Score_1a",
    "type" : "integer"
  }, {
    "name" : "V_Piktogramm",
    "type" : "integer"
  }, {
    "name" : "V_Input_1a_1",
    "type" : "integer"
  }, {
    "name" : "V_Input_1a_2",
    "type" : "integer"
  }, {
    "name" : "V_Input_1a_3",
    "type" : "integer"
  }, {
    "name" : "V_Input_1b_1",
    "type" : "string"
  }, {
    "name" : "V_Input_1b_2",
    "type" : "string"
  }, {
    "name" : "V_Input_1b_3",
    "type" : "string"
  } ]
}