{
  "runtimeCompatibilityVersion" : "9.9.0",
  "itemName" : "msk_d1_a_4",
  "itemWidth" : 1024,
  "itemHeight" : 768,
  "tasks" : [ "Task01" ],
  "resources" : [ {
    "pathInZip" : "resources\\Piktogramm_blank.png",
    "size" : 123,
    "type" : "image"
  }, {
    "pathInZip" : "resources\\Anklicken_Highlighten.webm",
    "size" : 146220,
    "type" : "video"
  }, {
    "pathInZip" : "resources\\4h.png",
    "size" : 1092,
    "type" : "image"
  }, {
    "pathInZip" : "resources\\4k.png",
    "size" : 1299,
    "type" : "image"
  }, {
    "pathInZip" : "resources\\Anklicken_Highlighten.mp4",
    "size" : 118990,
    "type" : "video"
  }, {
    "pathInZip" : "resources\\Piktogramm_Anklicken.png",
    "size" : 3641,
    "type" : "image"
  }, {
    "pathInZip" : "resources\\3h.png",
    "size" : 1950,
    "type" : "image"
  }, {
    "pathInZip" : "resources\\Kommah.png",
    "size" : 465,
    "type" : "image"
  }, {
    "pathInZip" : "resources\\5h.png",
    "size" : 1791,
    "type" : "image"
  }, {
    "pathInZip" : "resources\\3k.png",
    "size" : 2134,
    "type" : "image"
  }, {
    "pathInZip" : "resources\\rahmen_2b.png",
    "size" : 7981,
    "type" : "image"
  }, {
    "pathInZip" : "resources\\5k.png",
    "size" : 1926,
    "type" : "image"
  }, {
    "pathInZip" : "resources\\Komma.png",
    "size" : 564,
    "type" : "image"
  } ],
  "externalResources" : [ ],
  "dependencies" : [ ],
  "variables" : [ {
    "name" : "V_Status_2b",
    "type" : "integer"
  }, {
    "name" : "V_Piktogramm",
    "type" : "integer"
  }, {
    "name" : "V_Input_E",
    "type" : "integer"
  }, {
    "name" : "V_Input_z",
    "type" : "integer"
  }, {
    "name" : "V_Input_h",
    "type" : "integer"
  }, {
    "name" : "V_Input_t",
    "type" : "integer"
  }, {
    "name" : "V_Input_Komma",
    "type" : "integer"
  } ]
}