{
  "runtimeCompatibilityVersion" : "9.9.0",
  "itemName" : "msk_b1_a_2",
  "itemWidth" : 1024,
  "itemHeight" : 768,
  "tasks" : [ "Task01" ],
  "resources" : [ {
    "pathInZip" : "resources\\Piktogramm_blank.png",
    "size" : 123,
    "type" : "image"
  }, {
    "pathInZip" : "resources\\Piktogramm_Unterteilung_zeichnen.png",
    "size" : 7575,
    "type" : "image"
  }, {
    "pathInZip" : "resources\\rahmen_2b.png",
    "size" : 7981,
    "type" : "image"
  }, {
    "pathInZip" : "resources\\UnterteilungZeichnen.mp4",
    "size" : 783976,
    "type" : "video"
  }, {
    "pathInZip" : "resources\\UnterteilungZeichnen.webm",
    "size" : 781909,
    "type" : "video"
  } ],
  "externalResources" : [ {
    "pathInZip" : "external-resources\\msk_b1_a_1b.html",
    "size" : 201,
    "type" : "urlTarget"
  } ],
  "dependencies" : [ ],
  "variables" : [ {
    "name" : "V_Score_1b",
    "type" : "integer"
  }, {
    "name" : "V_Status_1b",
    "type" : "integer"
  }, {
    "name" : "V_Piktogramm",
    "type" : "integer"
  } ]
}